
running 6 tests
test lexer::test::test_block_stmt ... ok
test lexer::test::test_lexer ... ok
test lexer::test::test_intlit ... ok
test parser::test::test_wrong_function_syntax ... ok
test parser::test::test_typing ... FAILED
test parser::test::test_function_syntax ... FAILED

failures:

---- parser::test::test_typing stdout ----
[TRACE] starting parse
[INFO] token found: Ok(LexerOutput { meta: LexerMeta { raw_match: "const", index: 10, lineno: 2, colno: 13 }, data: Const })
[INFO] token found: Ok(LexerOutput { meta: LexerMeta { raw_match: "const", index: 10, lineno: 2, colno: 13 }, data: Const })
[INFO] token found: Ok(LexerOutput { meta: LexerMeta { raw_match: "const", index: 10, lineno: 2, colno: 13 }, data: Const })
[TRACE] Entered Assignment
[INFO] token found: Ok(LexerOutput { meta: LexerMeta { raw_match: "const", index: 10, lineno: 2, colno: 13 }, data: Const })
[INFO] token found: Ok(LexerOutput { meta: LexerMeta { raw_match: "const", index: 10, lineno: 2, colno: 13 }, data: Const })
[INFO] token found: Ok(LexerOutput { meta: LexerMeta { raw_match: "const", index: 10, lineno: 2, colno: 13 }, data: Const })
[INFO] token found: Ok(LexerOutput { meta: LexerMeta { raw_match: "const", index: 10, lineno: 2, colno: 13 }, data: Const })
[INFO] token found: Ok(LexerOutput { meta: LexerMeta { raw_match: "i32", index: 16, lineno: 2, colno: 17 }, data: Ident("i32") })
[INFO] token found: Ok(LexerOutput { meta: LexerMeta { raw_match: "i32", index: 16, lineno: 2, colno: 17 }, data: Ident("i32") })
[TRACE] Entering Ident Pair
[INFO] token found: Ok(LexerOutput { meta: LexerMeta { raw_match: "i32", index: 16, lineno: 2, colno: 17 }, data: Ident("i32") })
[TRACE] Entering Ident
[INFO] token found: Ok(LexerOutput { meta: LexerMeta { raw_match: "i32", index: 16, lineno: 2, colno: 17 }, data: Ident("i32") })
[INFO] token found: Ok(LexerOutput { meta: LexerMeta { raw_match: "=", index: 20, lineno: 2, colno: 19 }, data: Eq })
[TRACE] Error @ LexerError(DoesNotMatch(ErrorMeta { lineno: 2, colno: 19, display: "=" }))
[INFO] token found: Ok(LexerOutput { meta: LexerMeta { raw_match: "i32", index: 16, lineno: 2, colno: 17 }, data: Ident("i32") })
[TRACE] Entering Ident
[INFO] token found: Ok(LexerOutput { meta: LexerMeta { raw_match: "i32", index: 16, lineno: 2, colno: 17 }, data: Ident("i32") })
[INFO] token found: Ok(LexerOutput { meta: LexerMeta { raw_match: "=", index: 20, lineno: 2, colno: 19 }, data: Eq })
[INFO] token found: Ok(LexerOutput { meta: LexerMeta { raw_match: "primative", index: 22, lineno: 2, colno: 29 }, data: Primative })
[TRACE] Entering Expression
[INFO] token found: Ok(LexerOutput { meta: LexerMeta { raw_match: "primative", index: 22, lineno: 2, colno: 29 }, data: Primative })
[INFO] token found: Ok(LexerOutput { meta: LexerMeta { raw_match: "primative", index: 22, lineno: 2, colno: 29 }, data: Primative })
[INFO] token found: Ok(LexerOutput { meta: LexerMeta { raw_match: "primative", index: 22, lineno: 2, colno: 29 }, data: Primative })
[INFO] token found: Ok(LexerOutput { meta: LexerMeta { raw_match: "primative", index: 22, lineno: 2, colno: 29 }, data: Primative })
[TRACE] Error @ LexerError(DoesNotMatch(ErrorMeta { lineno: 2, colno: 29, display: "primative" }))
[INFO] token found: Ok(LexerOutput { meta: LexerMeta { raw_match: "primative", index: 22, lineno: 2, colno: 29 }, data: Primative })
[TRACE] Entering Non Math Expression
[INFO] token found: Ok(LexerOutput { meta: LexerMeta { raw_match: "primative", index: 22, lineno: 2, colno: 29 }, data: Primative })
[TRACE] Entering base expression
[INFO] token found: Ok(LexerOutput { meta: LexerMeta { raw_match: "primative", index: 22, lineno: 2, colno: 29 }, data: Primative })
[INFO] token found: Ok(LexerOutput { meta: LexerMeta { raw_match: "primative", index: 22, lineno: 2, colno: 29 }, data: Primative })
[TRACE] Entering Ident
[INFO] token found: Ok(LexerOutput { meta: LexerMeta { raw_match: "primative", index: 22, lineno: 2, colno: 29 }, data: Primative })
[TRACE] Error @ LexerError(DoesNotMatch(ErrorMeta { lineno: 2, colno: 29, display: "primative" }))
[INFO] token found: Ok(LexerOutput { meta: LexerMeta { raw_match: "primative", index: 22, lineno: 2, colno: 29 }, data: Primative })
[INFO] token found: Ok(LexerOutput { meta: LexerMeta { raw_match: "primative", index: 22, lineno: 2, colno: 29 }, data: Primative })
[INFO] token found: Ok(LexerOutput { meta: LexerMeta { raw_match: "primative", index: 22, lineno: 2, colno: 29 }, data: Primative })
[TRACE] Entered TypeDef
[INFO] token found: Ok(LexerOutput { meta: LexerMeta { raw_match: "primative", index: 22, lineno: 2, colno: 29 }, data: Primative })
[TRACE] entering Function
[INFO] token found: Ok(LexerOutput { meta: LexerMeta { raw_match: "primative", index: 22, lineno: 2, colno: 29 }, data: Primative })
[TRACE] Error @ LexerError(DoesNotMatch(ErrorMeta { lineno: 2, colno: 29, display: "primative" }))
[INFO] token found: Ok(LexerOutput { meta: LexerMeta { raw_match: "primative", index: 22, lineno: 2, colno: 29 }, data: Primative })
[INFO] token found: Ok(LexerOutput { meta: LexerMeta { raw_match: "primative", index: 22, lineno: 2, colno: 29 }, data: Primative })
[TRACE] Error @ LexerError(DoesNotMatch(ErrorMeta { lineno: 2, colno: 29, display: "primative" }))
[INFO] token found: Ok(LexerOutput { meta: LexerMeta { raw_match: "primative", index: 22, lineno: 2, colno: 29 }, data: Primative })
[INFO] token found: Ok(LexerOutput { meta: LexerMeta { raw_match: "primative", index: 22, lineno: 2, colno: 29 }, data: Primative })
[TRACE] Error @ LexerError(DoesNotMatch(ErrorMeta { lineno: 2, colno: 29, display: "primative" }))
[INFO] token found: Ok(LexerOutput { meta: LexerMeta { raw_match: "primative", index: 22, lineno: 2, colno: 29 }, data: Primative })
[INFO] token found: Ok(LexerOutput { meta: LexerMeta { raw_match: "primative", index: 22, lineno: 2, colno: 29 }, data: Primative })
[INFO] token found: Ok(LexerOutput { meta: LexerMeta { raw_match: "(", index: 31, lineno: 2, colno: 30 }, data: OParen })
[INFO] token found: Ok(LexerOutput { meta: LexerMeta { raw_match: "int", index: 32, lineno: 2, colno: 33 }, data: Int })
[INFO] token found: Ok(LexerOutput { meta: LexerMeta { raw_match: "int", index: 32, lineno: 2, colno: 33 }, data: Int })
[INFO] token found: Ok(LexerOutput { meta: LexerMeta { raw_match: ",", index: 35, lineno: 2, colno: 34 }, data: Comma })
[INFO] token found: Ok(LexerOutput { meta: LexerMeta { raw_match: "32", index: 37, lineno: 2, colno: 37 }, data: IntLit("32") })
[INFO] token found: Ok(LexerOutput { meta: LexerMeta { raw_match: ",", index: 39, lineno: 2, colno: 38 }, data: Comma })
[INFO] token found: Ok(LexerOutput { meta: LexerMeta { raw_match: ",", index: 39, lineno: 2, colno: 38 }, data: Comma })
[INFO] token found: Ok(LexerOutput { meta: LexerMeta { raw_match: "true", index: 41, lineno: 2, colno: 43 }, data: BoolLit(true) })
[INFO] token found: Ok(LexerOutput { meta: LexerMeta { raw_match: ")", index: 45, lineno: 2, colno: 44 }, data: CParen })
[INFO] token found: Ok(LexerOutput { meta: LexerMeta { raw_match: ";", index: 46, lineno: 2, colno: 45 }, data: SemiColon })
[INFO] token found: Ok(LexerOutput { meta: LexerMeta { raw_match: ";", index: 46, lineno: 2, colno: 45 }, data: SemiColon })
[INFO] token found: Ok(LexerOutput { meta: LexerMeta { raw_match: ";", index: 46, lineno: 2, colno: 45 }, data: SemiColon })
[INFO] token found: Ok(LexerOutput { meta: LexerMeta { raw_match: ";", index: 46, lineno: 2, colno: 45 }, data: SemiColon })
[INFO] token found: Ok(LexerOutput { meta: LexerMeta { raw_match: ";", index: 46, lineno: 2, colno: 45 }, data: SemiColon })
[TRACE] Error @ LexerError(DoesNotMatch(ErrorMeta { lineno: 2, colno: 45, display: ";" }))
[INFO] token found: Ok(LexerOutput { meta: LexerMeta { raw_match: "primative", index: 22, lineno: 2, colno: 29 }, data: Primative })
[TRACE] Entering Logical Or Expression
[INFO] token found: Ok(LexerOutput { meta: LexerMeta { raw_match: "primative", index: 22, lineno: 2, colno: 29 }, data: Primative })
[TRACE] Entering Logical And Expression
[INFO] token found: Ok(LexerOutput { meta: LexerMeta { raw_match: "primative", index: 22, lineno: 2, colno: 29 }, data: Primative })
[TRACE] Entering Binary Or Expression
[INFO] token found: Ok(LexerOutput { meta: LexerMeta { raw_match: "primative", index: 22, lineno: 2, colno: 29 }, data: Primative })
[TRACE] Entering Xor Expression
[INFO] token found: Ok(LexerOutput { meta: LexerMeta { raw_match: "primative", index: 22, lineno: 2, colno: 29 }, data: Primative })
[TRACE] Entering Binary And Expression
[INFO] token found: Ok(LexerOutput { meta: LexerMeta { raw_match: "primative", index: 22, lineno: 2, colno: 29 }, data: Primative })
[TRACE] Entering Equality Expression
[INFO] token found: Ok(LexerOutput { meta: LexerMeta { raw_match: "primative", index: 22, lineno: 2, colno: 29 }, data: Primative })
[TRACE] Entering Relational Expression
[INFO] token found: Ok(LexerOutput { meta: LexerMeta { raw_match: "primative", index: 22, lineno: 2, colno: 29 }, data: Primative })
[TRACE] Entering Shift Expression
[INFO] token found: Ok(LexerOutput { meta: LexerMeta { raw_match: "primative", index: 22, lineno: 2, colno: 29 }, data: Primative })
[TRACE] Entering additive expression
[INFO] token found: Ok(LexerOutput { meta: LexerMeta { raw_match: "primative", index: 22, lineno: 2, colno: 29 }, data: Primative })
[TRACE] Entering multiplicative expression
[INFO] token found: Ok(LexerOutput { meta: LexerMeta { raw_match: "primative", index: 22, lineno: 2, colno: 29 }, data: Primative })
[INFO] token found: Ok(LexerOutput { meta: LexerMeta { raw_match: "primative", index: 22, lineno: 2, colno: 29 }, data: Primative })
[INFO] token found: Ok(LexerOutput { meta: LexerMeta { raw_match: "primative", index: 22, lineno: 2, colno: 29 }, data: Primative })
[TRACE] Error @ LexerError(DoesNotMatch(ErrorMeta { lineno: 2, colno: 29, display: "primative" }))
[INFO] token found: Ok(LexerOutput { meta: LexerMeta { raw_match: "primative", index: 22, lineno: 2, colno: 29 }, data: Primative })
[TRACE] Entering Non Math Expression
[INFO] token found: Ok(LexerOutput { meta: LexerMeta { raw_match: "primative", index: 22, lineno: 2, colno: 29 }, data: Primative })
[TRACE] Entering base expression
[INFO] token found: Ok(LexerOutput { meta: LexerMeta { raw_match: "primative", index: 22, lineno: 2, colno: 29 }, data: Primative })
[INFO] token found: Ok(LexerOutput { meta: LexerMeta { raw_match: "primative", index: 22, lineno: 2, colno: 29 }, data: Primative })
[TRACE] Entering Ident
[INFO] token found: Ok(LexerOutput { meta: LexerMeta { raw_match: "primative", index: 22, lineno: 2, colno: 29 }, data: Primative })
[TRACE] Error @ LexerError(DoesNotMatch(ErrorMeta { lineno: 2, colno: 29, display: "primative" }))
[INFO] token found: Ok(LexerOutput { meta: LexerMeta { raw_match: "primative", index: 22, lineno: 2, colno: 29 }, data: Primative })
[INFO] token found: Ok(LexerOutput { meta: LexerMeta { raw_match: "primative", index: 22, lineno: 2, colno: 29 }, data: Primative })
[INFO] token found: Ok(LexerOutput { meta: LexerMeta { raw_match: "primative", index: 22, lineno: 2, colno: 29 }, data: Primative })
[TRACE] Entered TypeDef
[INFO] token found: Ok(LexerOutput { meta: LexerMeta { raw_match: "primative", index: 22, lineno: 2, colno: 29 }, data: Primative })
[TRACE] entering Function
[INFO] token found: Ok(LexerOutput { meta: LexerMeta { raw_match: "primative", index: 22, lineno: 2, colno: 29 }, data: Primative })
[TRACE] Error @ LexerError(DoesNotMatch(ErrorMeta { lineno: 2, colno: 29, display: "primative" }))
[INFO] token found: Ok(LexerOutput { meta: LexerMeta { raw_match: "primative", index: 22, lineno: 2, colno: 29 }, data: Primative })
[INFO] token found: Ok(LexerOutput { meta: LexerMeta { raw_match: "primative", index: 22, lineno: 2, colno: 29 }, data: Primative })
[TRACE] Error @ LexerError(DoesNotMatch(ErrorMeta { lineno: 2, colno: 29, display: "primative" }))
[INFO] token found: Ok(LexerOutput { meta: LexerMeta { raw_match: "primative", index: 22, lineno: 2, colno: 29 }, data: Primative })
[INFO] token found: Ok(LexerOutput { meta: LexerMeta { raw_match: "primative", index: 22, lineno: 2, colno: 29 }, data: Primative })
[TRACE] Error @ LexerError(DoesNotMatch(ErrorMeta { lineno: 2, colno: 29, display: "primative" }))
[INFO] token found: Ok(LexerOutput { meta: LexerMeta { raw_match: "primative", index: 22, lineno: 2, colno: 29 }, data: Primative })
[INFO] token found: Ok(LexerOutput { meta: LexerMeta { raw_match: "primative", index: 22, lineno: 2, colno: 29 }, data: Primative })
[INFO] token found: Ok(LexerOutput { meta: LexerMeta { raw_match: "(", index: 31, lineno: 2, colno: 30 }, data: OParen })
[INFO] token found: Ok(LexerOutput { meta: LexerMeta { raw_match: "int", index: 32, lineno: 2, colno: 33 }, data: Int })
[INFO] token found: Ok(LexerOutput { meta: LexerMeta { raw_match: "int", index: 32, lineno: 2, colno: 33 }, data: Int })
[INFO] token found: Ok(LexerOutput { meta: LexerMeta { raw_match: ",", index: 35, lineno: 2, colno: 34 }, data: Comma })
[INFO] token found: Ok(LexerOutput { meta: LexerMeta { raw_match: "32", index: 37, lineno: 2, colno: 37 }, data: IntLit("32") })
[INFO] token found: Ok(LexerOutput { meta: LexerMeta { raw_match: ",", index: 39, lineno: 2, colno: 38 }, data: Comma })
[INFO] token found: Ok(LexerOutput { meta: LexerMeta { raw_match: ",", index: 39, lineno: 2, colno: 38 }, data: Comma })
[INFO] token found: Ok(LexerOutput { meta: LexerMeta { raw_match: "true", index: 41, lineno: 2, colno: 43 }, data: BoolLit(true) })
[INFO] token found: Ok(LexerOutput { meta: LexerMeta { raw_match: ")", index: 45, lineno: 2, colno: 44 }, data: CParen })
[INFO] token found: Ok(LexerOutput { meta: LexerMeta { raw_match: ";", index: 46, lineno: 2, colno: 45 }, data: SemiColon })
[INFO] token found: Ok(LexerOutput { meta: LexerMeta { raw_match: ";", index: 46, lineno: 2, colno: 45 }, data: SemiColon })
[INFO] token found: Ok(LexerOutput { meta: LexerMeta { raw_match: ";", index: 46, lineno: 2, colno: 45 }, data: SemiColon })
[INFO] token found: Ok(LexerOutput { meta: LexerMeta { raw_match: ";", index: 46, lineno: 2, colno: 45 }, data: SemiColon })
[INFO] token found: Ok(LexerOutput { meta: LexerMeta { raw_match: ";", index: 46, lineno: 2, colno: 45 }, data: SemiColon })
[INFO] token found: Ok(LexerOutput { meta: LexerMeta { raw_match: ";", index: 46, lineno: 2, colno: 45 }, data: SemiColon })
[TRACE] Error @ LexerError(DoesNotMatch(ErrorMeta { lineno: 2, colno: 45, display: ";" }))
[INFO] token found: Ok(LexerOutput { meta: LexerMeta { raw_match: ";", index: 46, lineno: 2, colno: 45 }, data: SemiColon })
[INFO] token found: Ok(LexerOutput { meta: LexerMeta { raw_match: ";", index: 46, lineno: 2, colno: 45 }, data: SemiColon })
[INFO] token found: Ok(LexerOutput { meta: LexerMeta { raw_match: ";", index: 46, lineno: 2, colno: 45 }, data: SemiColon })
[INFO] token found: Ok(LexerOutput { meta: LexerMeta { raw_match: ";", index: 46, lineno: 2, colno: 45 }, data: SemiColon })
[TRACE] Error @ LexerError(DoesNotMatch(ErrorMeta { lineno: 2, colno: 45, display: ";" }))
[INFO] token found: Ok(LexerOutput { meta: LexerMeta { raw_match: ";", index: 46, lineno: 2, colno: 45 }, data: SemiColon })
[INFO] token found: Ok(LexerOutput { meta: LexerMeta { raw_match: ";", index: 46, lineno: 2, colno: 45 }, data: SemiColon })
[INFO] token found: Ok(LexerOutput { meta: LexerMeta { raw_match: ";", index: 46, lineno: 2, colno: 45 }, data: SemiColon })
[INFO] token found: Ok(LexerOutput { meta: LexerMeta { raw_match: ";", index: 46, lineno: 2, colno: 45 }, data: SemiColon })
[TRACE] Error @ LexerError(DoesNotMatch(ErrorMeta { lineno: 2, colno: 45, display: ";" }))
[INFO] token found: Ok(LexerOutput { meta: LexerMeta { raw_match: ";", index: 46, lineno: 2, colno: 45 }, data: SemiColon })
[INFO] token found: Ok(LexerOutput { meta: LexerMeta { raw_match: ";", index: 46, lineno: 2, colno: 45 }, data: SemiColon })
[INFO] token found: Ok(LexerOutput { meta: LexerMeta { raw_match: ";", index: 46, lineno: 2, colno: 45 }, data: SemiColon })
[INFO] token found: Ok(LexerOutput { meta: LexerMeta { raw_match: ";", index: 46, lineno: 2, colno: 45 }, data: SemiColon })
[TRACE] Error @ LexerError(DoesNotMatch(ErrorMeta { lineno: 2, colno: 45, display: ";" }))
[INFO] token found: Ok(LexerOutput { meta: LexerMeta { raw_match: ";", index: 46, lineno: 2, colno: 45 }, data: SemiColon })
[INFO] token found: Ok(LexerOutput { meta: LexerMeta { raw_match: ";", index: 46, lineno: 2, colno: 45 }, data: SemiColon })
[INFO] token found: Ok(LexerOutput { meta: LexerMeta { raw_match: ";", index: 46, lineno: 2, colno: 45 }, data: SemiColon })
[INFO] token found: Ok(LexerOutput { meta: LexerMeta { raw_match: ";", index: 46, lineno: 2, colno: 45 }, data: SemiColon })
[TRACE] Error @ LexerError(DoesNotMatch(ErrorMeta { lineno: 2, colno: 45, display: ";" }))
[INFO] token found: Ok(LexerOutput { meta: LexerMeta { raw_match: ";", index: 46, lineno: 2, colno: 45 }, data: SemiColon })
[INFO] token found: Ok(LexerOutput { meta: LexerMeta { raw_match: ";", index: 46, lineno: 2, colno: 45 }, data: SemiColon })
[INFO] token found: Ok(LexerOutput { meta: LexerMeta { raw_match: ";", index: 46, lineno: 2, colno: 45 }, data: SemiColon })
[INFO] token found: Ok(LexerOutput { meta: LexerMeta { raw_match: ";", index: 46, lineno: 2, colno: 45 }, data: SemiColon })
[TRACE] Error @ LexerError(DoesNotMatch(ErrorMeta { lineno: 2, colno: 45, display: ";" }))
[INFO] token found: Ok(LexerOutput { meta: LexerMeta { raw_match: ";", index: 46, lineno: 2, colno: 45 }, data: SemiColon })
[INFO] token found: Ok(LexerOutput { meta: LexerMeta { raw_match: ";", index: 46, lineno: 2, colno: 45 }, data: SemiColon })
[INFO] token found: Ok(LexerOutput { meta: LexerMeta { raw_match: ";", index: 46, lineno: 2, colno: 45 }, data: SemiColon })
[INFO] token found: Ok(LexerOutput { meta: LexerMeta { raw_match: ";", index: 46, lineno: 2, colno: 45 }, data: SemiColon })
[TRACE] Error @ LexerError(DoesNotMatch(ErrorMeta { lineno: 2, colno: 45, display: ";" }))
[INFO] token found: Ok(LexerOutput { meta: LexerMeta { raw_match: ";", index: 46, lineno: 2, colno: 45 }, data: SemiColon })
[INFO] token found: Ok(LexerOutput { meta: LexerMeta { raw_match: ";", index: 46, lineno: 2, colno: 45 }, data: SemiColon })
[INFO] token found: Ok(LexerOutput { meta: LexerMeta { raw_match: ";", index: 46, lineno: 2, colno: 45 }, data: SemiColon })
[INFO] token found: Ok(LexerOutput { meta: LexerMeta { raw_match: ";", index: 46, lineno: 2, colno: 45 }, data: SemiColon })
[TRACE] Error @ LexerError(DoesNotMatch(ErrorMeta { lineno: 2, colno: 45, display: ";" }))
[INFO] token found: Ok(LexerOutput { meta: LexerMeta { raw_match: ";", index: 46, lineno: 2, colno: 45 }, data: SemiColon })
[INFO] token found: Ok(LexerOutput { meta: LexerMeta { raw_match: ";", index: 46, lineno: 2, colno: 45 }, data: SemiColon })
[INFO] token found: Ok(LexerOutput { meta: LexerMeta { raw_match: ";", index: 46, lineno: 2, colno: 45 }, data: SemiColon })
[INFO] token found: Ok(LexerOutput { meta: LexerMeta { raw_match: ";", index: 46, lineno: 2, colno: 45 }, data: SemiColon })
[TRACE] Error @ LexerError(DoesNotMatch(ErrorMeta { lineno: 2, colno: 45, display: ";" }))
[INFO] token found: Ok(LexerOutput { meta: LexerMeta { raw_match: ";", index: 46, lineno: 2, colno: 45 }, data: SemiColon })
[INFO] token found: Ok(LexerOutput { meta: LexerMeta { raw_match: ";", index: 46, lineno: 2, colno: 45 }, data: SemiColon })
[INFO] token found: Ok(LexerOutput { meta: LexerMeta { raw_match: ";", index: 46, lineno: 2, colno: 45 }, data: SemiColon })
[INFO] token found: Ok(LexerOutput { meta: LexerMeta { raw_match: ";", index: 46, lineno: 2, colno: 45 }, data: SemiColon })
[TRACE] Error @ LexerError(DoesNotMatch(ErrorMeta { lineno: 2, colno: 45, display: ";" }))
[TRACE] Inserting into type_defs
[INFO] Inserting Ident { value: "i32" } with value TypeDef { size_bits: 0, type_info: TypeDefPrim(PrimativeType { size: 32, like: SInt, is_default: true }) } into type_defs
[INFO] token found: Ok(LexerOutput { meta: LexerMeta { raw_match: ";", index: 46, lineno: 2, colno: 45 }, data: SemiColon })
[INFO] token found: Ok(LexerOutput { meta: LexerMeta { raw_match: "const", index: 56, lineno: 3, colno: 13 }, data: Const })
[INFO] token found: Ok(LexerOutput { meta: LexerMeta { raw_match: "const", index: 56, lineno: 3, colno: 13 }, data: Const })
[TRACE] Entered Assignment
[INFO] token found: Ok(LexerOutput { meta: LexerMeta { raw_match: "const", index: 56, lineno: 3, colno: 13 }, data: Const })
[INFO] token found: Ok(LexerOutput { meta: LexerMeta { raw_match: "const", index: 56, lineno: 3, colno: 13 }, data: Const })
[INFO] token found: Ok(LexerOutput { meta: LexerMeta { raw_match: "const", index: 56, lineno: 3, colno: 13 }, data: Const })
[INFO] token found: Ok(LexerOutput { meta: LexerMeta { raw_match: "const", index: 56, lineno: 3, colno: 13 }, data: Const })
[INFO] token found: Ok(LexerOutput { meta: LexerMeta { raw_match: "u32", index: 62, lineno: 3, colno: 17 }, data: Ident("u32") })
[INFO] token found: Ok(LexerOutput { meta: LexerMeta { raw_match: "u32", index: 62, lineno: 3, colno: 17 }, data: Ident("u32") })
[TRACE] Entering Ident Pair
[INFO] token found: Ok(LexerOutput { meta: LexerMeta { raw_match: "u32", index: 62, lineno: 3, colno: 17 }, data: Ident("u32") })
[TRACE] Entering Ident
[INFO] token found: Ok(LexerOutput { meta: LexerMeta { raw_match: "u32", index: 62, lineno: 3, colno: 17 }, data: Ident("u32") })
[INFO] token found: Ok(LexerOutput { meta: LexerMeta { raw_match: "=", index: 66, lineno: 3, colno: 19 }, data: Eq })
[TRACE] Error @ LexerError(DoesNotMatch(ErrorMeta { lineno: 3, colno: 19, display: "=" }))
[INFO] token found: Ok(LexerOutput { meta: LexerMeta { raw_match: "u32", index: 62, lineno: 3, colno: 17 }, data: Ident("u32") })
[TRACE] Entering Ident
[INFO] token found: Ok(LexerOutput { meta: LexerMeta { raw_match: "u32", index: 62, lineno: 3, colno: 17 }, data: Ident("u32") })
[INFO] token found: Ok(LexerOutput { meta: LexerMeta { raw_match: "=", index: 66, lineno: 3, colno: 19 }, data: Eq })
[INFO] token found: Ok(LexerOutput { meta: LexerMeta { raw_match: "primative", index: 68, lineno: 3, colno: 29 }, data: Primative })
[TRACE] Entering Expression
[INFO] token found: Ok(LexerOutput { meta: LexerMeta { raw_match: "primative", index: 68, lineno: 3, colno: 29 }, data: Primative })
[INFO] token found: Ok(LexerOutput { meta: LexerMeta { raw_match: "primative", index: 68, lineno: 3, colno: 29 }, data: Primative })
[INFO] token found: Ok(LexerOutput { meta: LexerMeta { raw_match: "primative", index: 68, lineno: 3, colno: 29 }, data: Primative })
[INFO] token found: Ok(LexerOutput { meta: LexerMeta { raw_match: "primative", index: 68, lineno: 3, colno: 29 }, data: Primative })
[TRACE] Error @ LexerError(DoesNotMatch(ErrorMeta { lineno: 3, colno: 29, display: "primative" }))
[INFO] token found: Ok(LexerOutput { meta: LexerMeta { raw_match: "primative", index: 68, lineno: 3, colno: 29 }, data: Primative })
[TRACE] Entering Non Math Expression
[INFO] token found: Ok(LexerOutput { meta: LexerMeta { raw_match: "primative", index: 68, lineno: 3, colno: 29 }, data: Primative })
[TRACE] Entering base expression
[INFO] token found: Ok(LexerOutput { meta: LexerMeta { raw_match: "primative", index: 68, lineno: 3, colno: 29 }, data: Primative })
[INFO] token found: Ok(LexerOutput { meta: LexerMeta { raw_match: "primative", index: 68, lineno: 3, colno: 29 }, data: Primative })
[TRACE] Entering Ident
[INFO] token found: Ok(LexerOutput { meta: LexerMeta { raw_match: "primative", index: 68, lineno: 3, colno: 29 }, data: Primative })
[TRACE] Error @ LexerError(DoesNotMatch(ErrorMeta { lineno: 3, colno: 29, display: "primative" }))
[INFO] token found: Ok(LexerOutput { meta: LexerMeta { raw_match: "primative", index: 68, lineno: 3, colno: 29 }, data: Primative })
[INFO] token found: Ok(LexerOutput { meta: LexerMeta { raw_match: "primative", index: 68, lineno: 3, colno: 29 }, data: Primative })
[INFO] token found: Ok(LexerOutput { meta: LexerMeta { raw_match: "primative", index: 68, lineno: 3, colno: 29 }, data: Primative })
[TRACE] Entered TypeDef
[INFO] token found: Ok(LexerOutput { meta: LexerMeta { raw_match: "primative", index: 68, lineno: 3, colno: 29 }, data: Primative })
[TRACE] entering Function
[INFO] token found: Ok(LexerOutput { meta: LexerMeta { raw_match: "primative", index: 68, lineno: 3, colno: 29 }, data: Primative })
[TRACE] Error @ LexerError(DoesNotMatch(ErrorMeta { lineno: 3, colno: 29, display: "primative" }))
[INFO] token found: Ok(LexerOutput { meta: LexerMeta { raw_match: "primative", index: 68, lineno: 3, colno: 29 }, data: Primative })
[INFO] token found: Ok(LexerOutput { meta: LexerMeta { raw_match: "primative", index: 68, lineno: 3, colno: 29 }, data: Primative })
[TRACE] Error @ LexerError(DoesNotMatch(ErrorMeta { lineno: 3, colno: 29, display: "primative" }))
[INFO] token found: Ok(LexerOutput { meta: LexerMeta { raw_match: "primative", index: 68, lineno: 3, colno: 29 }, data: Primative })
[INFO] token found: Ok(LexerOutput { meta: LexerMeta { raw_match: "primative", index: 68, lineno: 3, colno: 29 }, data: Primative })
[TRACE] Error @ LexerError(DoesNotMatch(ErrorMeta { lineno: 3, colno: 29, display: "primative" }))
[INFO] token found: Ok(LexerOutput { meta: LexerMeta { raw_match: "primative", index: 68, lineno: 3, colno: 29 }, data: Primative })
[INFO] token found: Ok(LexerOutput { meta: LexerMeta { raw_match: "primative", index: 68, lineno: 3, colno: 29 }, data: Primative })
[INFO] token found: Ok(LexerOutput { meta: LexerMeta { raw_match: "(", index: 77, lineno: 3, colno: 30 }, data: OParen })
[INFO] token found: Ok(LexerOutput { meta: LexerMeta { raw_match: "uint", index: 78, lineno: 3, colno: 34 }, data: UInt })
[INFO] token found: Ok(LexerOutput { meta: LexerMeta { raw_match: "uint", index: 78, lineno: 3, colno: 34 }, data: UInt })
[INFO] token found: Ok(LexerOutput { meta: LexerMeta { raw_match: ",", index: 82, lineno: 3, colno: 35 }, data: Comma })
[INFO] token found: Ok(LexerOutput { meta: LexerMeta { raw_match: "32", index: 84, lineno: 3, colno: 38 }, data: IntLit("32") })
[INFO] token found: Ok(LexerOutput { meta: LexerMeta { raw_match: ",", index: 86, lineno: 3, colno: 39 }, data: Comma })
[INFO] token found: Ok(LexerOutput { meta: LexerMeta { raw_match: ",", index: 86, lineno: 3, colno: 39 }, data: Comma })
[INFO] token found: Ok(LexerOutput { meta: LexerMeta { raw_match: "false", index: 88, lineno: 3, colno: 45 }, data: BoolLit(false) })
[INFO] token found: Ok(LexerOutput { meta: LexerMeta { raw_match: ")", index: 93, lineno: 3, colno: 46 }, data: CParen })
[INFO] token found: Ok(LexerOutput { meta: LexerMeta { raw_match: ";", index: 94, lineno: 3, colno: 47 }, data: SemiColon })
[INFO] token found: Ok(LexerOutput { meta: LexerMeta { raw_match: ";", index: 94, lineno: 3, colno: 47 }, data: SemiColon })
[INFO] token found: Ok(LexerOutput { meta: LexerMeta { raw_match: ";", index: 94, lineno: 3, colno: 47 }, data: SemiColon })
[INFO] token found: Ok(LexerOutput { meta: LexerMeta { raw_match: ";", index: 94, lineno: 3, colno: 47 }, data: SemiColon })
[INFO] token found: Ok(LexerOutput { meta: LexerMeta { raw_match: ";", index: 94, lineno: 3, colno: 47 }, data: SemiColon })
[TRACE] Error @ LexerError(DoesNotMatch(ErrorMeta { lineno: 3, colno: 47, display: ";" }))
[INFO] token found: Ok(LexerOutput { meta: LexerMeta { raw_match: "primative", index: 68, lineno: 3, colno: 29 }, data: Primative })
[TRACE] Entering Logical Or Expression
[INFO] token found: Ok(LexerOutput { meta: LexerMeta { raw_match: "primative", index: 68, lineno: 3, colno: 29 }, data: Primative })
[TRACE] Entering Logical And Expression
[INFO] token found: Ok(LexerOutput { meta: LexerMeta { raw_match: "primative", index: 68, lineno: 3, colno: 29 }, data: Primative })
[TRACE] Entering Binary Or Expression
[INFO] token found: Ok(LexerOutput { meta: LexerMeta { raw_match: "primative", index: 68, lineno: 3, colno: 29 }, data: Primative })
[TRACE] Entering Xor Expression
[INFO] token found: Ok(LexerOutput { meta: LexerMeta { raw_match: "primative", index: 68, lineno: 3, colno: 29 }, data: Primative })
[TRACE] Entering Binary And Expression
[INFO] token found: Ok(LexerOutput { meta: LexerMeta { raw_match: "primative", index: 68, lineno: 3, colno: 29 }, data: Primative })
[TRACE] Entering Equality Expression
[INFO] token found: Ok(LexerOutput { meta: LexerMeta { raw_match: "primative", index: 68, lineno: 3, colno: 29 }, data: Primative })
[TRACE] Entering Relational Expression
[INFO] token found: Ok(LexerOutput { meta: LexerMeta { raw_match: "primative", index: 68, lineno: 3, colno: 29 }, data: Primative })
[TRACE] Entering Shift Expression
[INFO] token found: Ok(LexerOutput { meta: LexerMeta { raw_match: "primative", index: 68, lineno: 3, colno: 29 }, data: Primative })
[TRACE] Entering additive expression
[INFO] token found: Ok(LexerOutput { meta: LexerMeta { raw_match: "primative", index: 68, lineno: 3, colno: 29 }, data: Primative })
[TRACE] Entering multiplicative expression
[INFO] token found: Ok(LexerOutput { meta: LexerMeta { raw_match: "primative", index: 68, lineno: 3, colno: 29 }, data: Primative })
[INFO] token found: Ok(LexerOutput { meta: LexerMeta { raw_match: "primative", index: 68, lineno: 3, colno: 29 }, data: Primative })
[INFO] token found: Ok(LexerOutput { meta: LexerMeta { raw_match: "primative", index: 68, lineno: 3, colno: 29 }, data: Primative })
[TRACE] Error @ LexerError(DoesNotMatch(ErrorMeta { lineno: 3, colno: 29, display: "primative" }))
[INFO] token found: Ok(LexerOutput { meta: LexerMeta { raw_match: "primative", index: 68, lineno: 3, colno: 29 }, data: Primative })
[TRACE] Entering Non Math Expression
[INFO] token found: Ok(LexerOutput { meta: LexerMeta { raw_match: "primative", index: 68, lineno: 3, colno: 29 }, data: Primative })
[TRACE] Entering base expression
[INFO] token found: Ok(LexerOutput { meta: LexerMeta { raw_match: "primative", index: 68, lineno: 3, colno: 29 }, data: Primative })
[INFO] token found: Ok(LexerOutput { meta: LexerMeta { raw_match: "primative", index: 68, lineno: 3, colno: 29 }, data: Primative })
[TRACE] Entering Ident
[INFO] token found: Ok(LexerOutput { meta: LexerMeta { raw_match: "primative", index: 68, lineno: 3, colno: 29 }, data: Primative })
[TRACE] Error @ LexerError(DoesNotMatch(ErrorMeta { lineno: 3, colno: 29, display: "primative" }))
[INFO] token found: Ok(LexerOutput { meta: LexerMeta { raw_match: "primative", index: 68, lineno: 3, colno: 29 }, data: Primative })
[INFO] token found: Ok(LexerOutput { meta: LexerMeta { raw_match: "primative", index: 68, lineno: 3, colno: 29 }, data: Primative })
[INFO] token found: Ok(LexerOutput { meta: LexerMeta { raw_match: "primative", index: 68, lineno: 3, colno: 29 }, data: Primative })
[TRACE] Entered TypeDef
[INFO] token found: Ok(LexerOutput { meta: LexerMeta { raw_match: "primative", index: 68, lineno: 3, colno: 29 }, data: Primative })
[TRACE] entering Function
[INFO] token found: Ok(LexerOutput { meta: LexerMeta { raw_match: "primative", index: 68, lineno: 3, colno: 29 }, data: Primative })
[TRACE] Error @ LexerError(DoesNotMatch(ErrorMeta { lineno: 3, colno: 29, display: "primative" }))
[INFO] token found: Ok(LexerOutput { meta: LexerMeta { raw_match: "primative", index: 68, lineno: 3, colno: 29 }, data: Primative })
[INFO] token found: Ok(LexerOutput { meta: LexerMeta { raw_match: "primative", index: 68, lineno: 3, colno: 29 }, data: Primative })
[TRACE] Error @ LexerError(DoesNotMatch(ErrorMeta { lineno: 3, colno: 29, display: "primative" }))
[INFO] token found: Ok(LexerOutput { meta: LexerMeta { raw_match: "primative", index: 68, lineno: 3, colno: 29 }, data: Primative })
[INFO] token found: Ok(LexerOutput { meta: LexerMeta { raw_match: "primative", index: 68, lineno: 3, colno: 29 }, data: Primative })
[TRACE] Error @ LexerError(DoesNotMatch(ErrorMeta { lineno: 3, colno: 29, display: "primative" }))
[INFO] token found: Ok(LexerOutput { meta: LexerMeta { raw_match: "primative", index: 68, lineno: 3, colno: 29 }, data: Primative })
[INFO] token found: Ok(LexerOutput { meta: LexerMeta { raw_match: "primative", index: 68, lineno: 3, colno: 29 }, data: Primative })
[INFO] token found: Ok(LexerOutput { meta: LexerMeta { raw_match: "(", index: 77, lineno: 3, colno: 30 }, data: OParen })
[INFO] token found: Ok(LexerOutput { meta: LexerMeta { raw_match: "uint", index: 78, lineno: 3, colno: 34 }, data: UInt })
[INFO] token found: Ok(LexerOutput { meta: LexerMeta { raw_match: "uint", index: 78, lineno: 3, colno: 34 }, data: UInt })
[INFO] token found: Ok(LexerOutput { meta: LexerMeta { raw_match: ",", index: 82, lineno: 3, colno: 35 }, data: Comma })
[INFO] token found: Ok(LexerOutput { meta: LexerMeta { raw_match: "32", index: 84, lineno: 3, colno: 38 }, data: IntLit("32") })
[INFO] token found: Ok(LexerOutput { meta: LexerMeta { raw_match: ",", index: 86, lineno: 3, colno: 39 }, data: Comma })
[INFO] token found: Ok(LexerOutput { meta: LexerMeta { raw_match: ",", index: 86, lineno: 3, colno: 39 }, data: Comma })
[INFO] token found: Ok(LexerOutput { meta: LexerMeta { raw_match: "false", index: 88, lineno: 3, colno: 45 }, data: BoolLit(false) })
[INFO] token found: Ok(LexerOutput { meta: LexerMeta { raw_match: ")", index: 93, lineno: 3, colno: 46 }, data: CParen })
[INFO] token found: Ok(LexerOutput { meta: LexerMeta { raw_match: ";", index: 94, lineno: 3, colno: 47 }, data: SemiColon })
[INFO] token found: Ok(LexerOutput { meta: LexerMeta { raw_match: ";", index: 94, lineno: 3, colno: 47 }, data: SemiColon })
[INFO] token found: Ok(LexerOutput { meta: LexerMeta { raw_match: ";", index: 94, lineno: 3, colno: 47 }, data: SemiColon })
[INFO] token found: Ok(LexerOutput { meta: LexerMeta { raw_match: ";", index: 94, lineno: 3, colno: 47 }, data: SemiColon })
[INFO] token found: Ok(LexerOutput { meta: LexerMeta { raw_match: ";", index: 94, lineno: 3, colno: 47 }, data: SemiColon })
[INFO] token found: Ok(LexerOutput { meta: LexerMeta { raw_match: ";", index: 94, lineno: 3, colno: 47 }, data: SemiColon })
[TRACE] Error @ LexerError(DoesNotMatch(ErrorMeta { lineno: 3, colno: 47, display: ";" }))
[INFO] token found: Ok(LexerOutput { meta: LexerMeta { raw_match: ";", index: 94, lineno: 3, colno: 47 }, data: SemiColon })
[INFO] token found: Ok(LexerOutput { meta: LexerMeta { raw_match: ";", index: 94, lineno: 3, colno: 47 }, data: SemiColon })
[INFO] token found: Ok(LexerOutput { meta: LexerMeta { raw_match: ";", index: 94, lineno: 3, colno: 47 }, data: SemiColon })
[INFO] token found: Ok(LexerOutput { meta: LexerMeta { raw_match: ";", index: 94, lineno: 3, colno: 47 }, data: SemiColon })
[TRACE] Error @ LexerError(DoesNotMatch(ErrorMeta { lineno: 3, colno: 47, display: ";" }))
[INFO] token found: Ok(LexerOutput { meta: LexerMeta { raw_match: ";", index: 94, lineno: 3, colno: 47 }, data: SemiColon })
[INFO] token found: Ok(LexerOutput { meta: LexerMeta { raw_match: ";", index: 94, lineno: 3, colno: 47 }, data: SemiColon })
[INFO] token found: Ok(LexerOutput { meta: LexerMeta { raw_match: ";", index: 94, lineno: 3, colno: 47 }, data: SemiColon })
[INFO] token found: Ok(LexerOutput { meta: LexerMeta { raw_match: ";", index: 94, lineno: 3, colno: 47 }, data: SemiColon })
[TRACE] Error @ LexerError(DoesNotMatch(ErrorMeta { lineno: 3, colno: 47, display: ";" }))
[INFO] token found: Ok(LexerOutput { meta: LexerMeta { raw_match: ";", index: 94, lineno: 3, colno: 47 }, data: SemiColon })
[INFO] token found: Ok(LexerOutput { meta: LexerMeta { raw_match: ";", index: 94, lineno: 3, colno: 47 }, data: SemiColon })
[INFO] token found: Ok(LexerOutput { meta: LexerMeta { raw_match: ";", index: 94, lineno: 3, colno: 47 }, data: SemiColon })
[INFO] token found: Ok(LexerOutput { meta: LexerMeta { raw_match: ";", index: 94, lineno: 3, colno: 47 }, data: SemiColon })
[TRACE] Error @ LexerError(DoesNotMatch(ErrorMeta { lineno: 3, colno: 47, display: ";" }))
[INFO] token found: Ok(LexerOutput { meta: LexerMeta { raw_match: ";", index: 94, lineno: 3, colno: 47 }, data: SemiColon })
[INFO] token found: Ok(LexerOutput { meta: LexerMeta { raw_match: ";", index: 94, lineno: 3, colno: 47 }, data: SemiColon })
[INFO] token found: Ok(LexerOutput { meta: LexerMeta { raw_match: ";", index: 94, lineno: 3, colno: 47 }, data: SemiColon })
[INFO] token found: Ok(LexerOutput { meta: LexerMeta { raw_match: ";", index: 94, lineno: 3, colno: 47 }, data: SemiColon })
[TRACE] Error @ LexerError(DoesNotMatch(ErrorMeta { lineno: 3, colno: 47, display: ";" }))
[INFO] token found: Ok(LexerOutput { meta: LexerMeta { raw_match: ";", index: 94, lineno: 3, colno: 47 }, data: SemiColon })
[INFO] token found: Ok(LexerOutput { meta: LexerMeta { raw_match: ";", index: 94, lineno: 3, colno: 47 }, data: SemiColon })
[INFO] token found: Ok(LexerOutput { meta: LexerMeta { raw_match: ";", index: 94, lineno: 3, colno: 47 }, data: SemiColon })
[INFO] token found: Ok(LexerOutput { meta: LexerMeta { raw_match: ";", index: 94, lineno: 3, colno: 47 }, data: SemiColon })
[TRACE] Error @ LexerError(DoesNotMatch(ErrorMeta { lineno: 3, colno: 47, display: ";" }))
[INFO] token found: Ok(LexerOutput { meta: LexerMeta { raw_match: ";", index: 94, lineno: 3, colno: 47 }, data: SemiColon })
[INFO] token found: Ok(LexerOutput { meta: LexerMeta { raw_match: ";", index: 94, lineno: 3, colno: 47 }, data: SemiColon })
[INFO] token found: Ok(LexerOutput { meta: LexerMeta { raw_match: ";", index: 94, lineno: 3, colno: 47 }, data: SemiColon })
[INFO] token found: Ok(LexerOutput { meta: LexerMeta { raw_match: ";", index: 94, lineno: 3, colno: 47 }, data: SemiColon })
[TRACE] Error @ LexerError(DoesNotMatch(ErrorMeta { lineno: 3, colno: 47, display: ";" }))
[INFO] token found: Ok(LexerOutput { meta: LexerMeta { raw_match: ";", index: 94, lineno: 3, colno: 47 }, data: SemiColon })
[INFO] token found: Ok(LexerOutput { meta: LexerMeta { raw_match: ";", index: 94, lineno: 3, colno: 47 }, data: SemiColon })
[INFO] token found: Ok(LexerOutput { meta: LexerMeta { raw_match: ";", index: 94, lineno: 3, colno: 47 }, data: SemiColon })
[INFO] token found: Ok(LexerOutput { meta: LexerMeta { raw_match: ";", index: 94, lineno: 3, colno: 47 }, data: SemiColon })
[TRACE] Error @ LexerError(DoesNotMatch(ErrorMeta { lineno: 3, colno: 47, display: ";" }))
[INFO] token found: Ok(LexerOutput { meta: LexerMeta { raw_match: ";", index: 94, lineno: 3, colno: 47 }, data: SemiColon })
[INFO] token found: Ok(LexerOutput { meta: LexerMeta { raw_match: ";", index: 94, lineno: 3, colno: 47 }, data: SemiColon })
[INFO] token found: Ok(LexerOutput { meta: LexerMeta { raw_match: ";", index: 94, lineno: 3, colno: 47 }, data: SemiColon })
[INFO] token found: Ok(LexerOutput { meta: LexerMeta { raw_match: ";", index: 94, lineno: 3, colno: 47 }, data: SemiColon })
[TRACE] Error @ LexerError(DoesNotMatch(ErrorMeta { lineno: 3, colno: 47, display: ";" }))
[INFO] token found: Ok(LexerOutput { meta: LexerMeta { raw_match: ";", index: 94, lineno: 3, colno: 47 }, data: SemiColon })
[INFO] token found: Ok(LexerOutput { meta: LexerMeta { raw_match: ";", index: 94, lineno: 3, colno: 47 }, data: SemiColon })
[INFO] token found: Ok(LexerOutput { meta: LexerMeta { raw_match: ";", index: 94, lineno: 3, colno: 47 }, data: SemiColon })
[INFO] token found: Ok(LexerOutput { meta: LexerMeta { raw_match: ";", index: 94, lineno: 3, colno: 47 }, data: SemiColon })
[TRACE] Error @ LexerError(DoesNotMatch(ErrorMeta { lineno: 3, colno: 47, display: ";" }))
[TRACE] Inserting into type_defs
[INFO] Inserting Ident { value: "u32" } with value TypeDef { size_bits: 0, type_info: TypeDefPrim(PrimativeType { size: 32, like: UInt, is_default: false }) } into type_defs
[INFO] token found: Ok(LexerOutput { meta: LexerMeta { raw_match: ";", index: 94, lineno: 3, colno: 47 }, data: SemiColon })
[INFO] token found: Ok(LexerOutput { meta: LexerMeta { raw_match: "const", index: 104, lineno: 4, colno: 13 }, data: Const })
[INFO] token found: Ok(LexerOutput { meta: LexerMeta { raw_match: "const", index: 104, lineno: 4, colno: 13 }, data: Const })
[TRACE] Entered Assignment
[INFO] token found: Ok(LexerOutput { meta: LexerMeta { raw_match: "const", index: 104, lineno: 4, colno: 13 }, data: Const })
[INFO] token found: Ok(LexerOutput { meta: LexerMeta { raw_match: "const", index: 104, lineno: 4, colno: 13 }, data: Const })
[INFO] token found: Ok(LexerOutput { meta: LexerMeta { raw_match: "const", index: 104, lineno: 4, colno: 13 }, data: Const })
[INFO] token found: Ok(LexerOutput { meta: LexerMeta { raw_match: "const", index: 104, lineno: 4, colno: 13 }, data: Const })
[INFO] token found: Ok(LexerOutput { meta: LexerMeta { raw_match: "f32", index: 110, lineno: 4, colno: 17 }, data: Ident("f32") })
[INFO] token found: Ok(LexerOutput { meta: LexerMeta { raw_match: "f32", index: 110, lineno: 4, colno: 17 }, data: Ident("f32") })
[TRACE] Entering Ident Pair
[INFO] token found: Ok(LexerOutput { meta: LexerMeta { raw_match: "f32", index: 110, lineno: 4, colno: 17 }, data: Ident("f32") })
[TRACE] Entering Ident
[INFO] token found: Ok(LexerOutput { meta: LexerMeta { raw_match: "f32", index: 110, lineno: 4, colno: 17 }, data: Ident("f32") })
[INFO] token found: Ok(LexerOutput { meta: LexerMeta { raw_match: "=", index: 114, lineno: 4, colno: 19 }, data: Eq })
[TRACE] Error @ LexerError(DoesNotMatch(ErrorMeta { lineno: 4, colno: 19, display: "=" }))
[INFO] token found: Ok(LexerOutput { meta: LexerMeta { raw_match: "f32", index: 110, lineno: 4, colno: 17 }, data: Ident("f32") })
[TRACE] Entering Ident
[INFO] token found: Ok(LexerOutput { meta: LexerMeta { raw_match: "f32", index: 110, lineno: 4, colno: 17 }, data: Ident("f32") })
[INFO] token found: Ok(LexerOutput { meta: LexerMeta { raw_match: "=", index: 114, lineno: 4, colno: 19 }, data: Eq })
[INFO] token found: Ok(LexerOutput { meta: LexerMeta { raw_match: "primative", index: 116, lineno: 4, colno: 29 }, data: Primative })
[TRACE] Entering Expression
[INFO] token found: Ok(LexerOutput { meta: LexerMeta { raw_match: "primative", index: 116, lineno: 4, colno: 29 }, data: Primative })
[INFO] token found: Ok(LexerOutput { meta: LexerMeta { raw_match: "primative", index: 116, lineno: 4, colno: 29 }, data: Primative })
[INFO] token found: Ok(LexerOutput { meta: LexerMeta { raw_match: "primative", index: 116, lineno: 4, colno: 29 }, data: Primative })
[INFO] token found: Ok(LexerOutput { meta: LexerMeta { raw_match: "primative", index: 116, lineno: 4, colno: 29 }, data: Primative })
[TRACE] Error @ LexerError(DoesNotMatch(ErrorMeta { lineno: 4, colno: 29, display: "primative" }))
[INFO] token found: Ok(LexerOutput { meta: LexerMeta { raw_match: "primative", index: 116, lineno: 4, colno: 29 }, data: Primative })
[TRACE] Entering Non Math Expression
[INFO] token found: Ok(LexerOutput { meta: LexerMeta { raw_match: "primative", index: 116, lineno: 4, colno: 29 }, data: Primative })
[TRACE] Entering base expression
[INFO] token found: Ok(LexerOutput { meta: LexerMeta { raw_match: "primative", index: 116, lineno: 4, colno: 29 }, data: Primative })
[INFO] token found: Ok(LexerOutput { meta: LexerMeta { raw_match: "primative", index: 116, lineno: 4, colno: 29 }, data: Primative })
[TRACE] Entering Ident
[INFO] token found: Ok(LexerOutput { meta: LexerMeta { raw_match: "primative", index: 116, lineno: 4, colno: 29 }, data: Primative })
[TRACE] Error @ LexerError(DoesNotMatch(ErrorMeta { lineno: 4, colno: 29, display: "primative" }))
[INFO] token found: Ok(LexerOutput { meta: LexerMeta { raw_match: "primative", index: 116, lineno: 4, colno: 29 }, data: Primative })
[INFO] token found: Ok(LexerOutput { meta: LexerMeta { raw_match: "primative", index: 116, lineno: 4, colno: 29 }, data: Primative })
[INFO] token found: Ok(LexerOutput { meta: LexerMeta { raw_match: "primative", index: 116, lineno: 4, colno: 29 }, data: Primative })
[TRACE] Entered TypeDef
[INFO] token found: Ok(LexerOutput { meta: LexerMeta { raw_match: "primative", index: 116, lineno: 4, colno: 29 }, data: Primative })
[TRACE] entering Function
[INFO] token found: Ok(LexerOutput { meta: LexerMeta { raw_match: "primative", index: 116, lineno: 4, colno: 29 }, data: Primative })
[TRACE] Error @ LexerError(DoesNotMatch(ErrorMeta { lineno: 4, colno: 29, display: "primative" }))
[INFO] token found: Ok(LexerOutput { meta: LexerMeta { raw_match: "primative", index: 116, lineno: 4, colno: 29 }, data: Primative })
[INFO] token found: Ok(LexerOutput { meta: LexerMeta { raw_match: "primative", index: 116, lineno: 4, colno: 29 }, data: Primative })
[TRACE] Error @ LexerError(DoesNotMatch(ErrorMeta { lineno: 4, colno: 29, display: "primative" }))
[INFO] token found: Ok(LexerOutput { meta: LexerMeta { raw_match: "primative", index: 116, lineno: 4, colno: 29 }, data: Primative })
[INFO] token found: Ok(LexerOutput { meta: LexerMeta { raw_match: "primative", index: 116, lineno: 4, colno: 29 }, data: Primative })
[TRACE] Error @ LexerError(DoesNotMatch(ErrorMeta { lineno: 4, colno: 29, display: "primative" }))
[INFO] token found: Ok(LexerOutput { meta: LexerMeta { raw_match: "primative", index: 116, lineno: 4, colno: 29 }, data: Primative })
[INFO] token found: Ok(LexerOutput { meta: LexerMeta { raw_match: "primative", index: 116, lineno: 4, colno: 29 }, data: Primative })
[INFO] token found: Ok(LexerOutput { meta: LexerMeta { raw_match: "(", index: 125, lineno: 4, colno: 30 }, data: OParen })
[INFO] token found: Ok(LexerOutput { meta: LexerMeta { raw_match: "float", index: 126, lineno: 4, colno: 35 }, data: Ident("float") })
[INFO] token found: Ok(LexerOutput { meta: LexerMeta { raw_match: "float", index: 126, lineno: 4, colno: 35 }, data: Ident("float") })
[TRACE] Error @ LexerError(DoesNotMatch(ErrorMeta { lineno: 4, colno: 35, display: "float" }))
[TRACE] Error @ LexerError(DoesNotMatch(ErrorMeta { lineno: 4, colno: 35, display: "float" }))
[INFO] token found: Ok(LexerOutput { meta: LexerMeta { raw_match: "primative", index: 116, lineno: 4, colno: 29 }, data: Primative })
[TRACE] Entering Ident
[INFO] token found: Ok(LexerOutput { meta: LexerMeta { raw_match: "primative", index: 116, lineno: 4, colno: 29 }, data: Primative })
[TRACE] Error @ LexerError(DoesNotMatch(ErrorMeta { lineno: 4, colno: 29, display: "primative" }))
[TRACE] Error @ LexerError(DoesNotMatch(ErrorMeta { lineno: 4, colno: 29, display: "primative" }))
[TRACE] Error @ LexerError(DoesNotMatch(ErrorMeta { lineno: 4, colno: 29, display: "primative" }))
[INFO] token found: Ok(LexerOutput { meta: LexerMeta { raw_match: "primative", index: 116, lineno: 4, colno: 29 }, data: Primative })
[TRACE] Entering Logical Or Expression
[INFO] token found: Ok(LexerOutput { meta: LexerMeta { raw_match: "primative", index: 116, lineno: 4, colno: 29 }, data: Primative })
[TRACE] Entering Logical And Expression
[INFO] token found: Ok(LexerOutput { meta: LexerMeta { raw_match: "primative", index: 116, lineno: 4, colno: 29 }, data: Primative })
[TRACE] Entering Binary Or Expression
[INFO] token found: Ok(LexerOutput { meta: LexerMeta { raw_match: "primative", index: 116, lineno: 4, colno: 29 }, data: Primative })
[TRACE] Entering Xor Expression
[INFO] token found: Ok(LexerOutput { meta: LexerMeta { raw_match: "primative", index: 116, lineno: 4, colno: 29 }, data: Primative })
[TRACE] Entering Binary And Expression
[INFO] token found: Ok(LexerOutput { meta: LexerMeta { raw_match: "primative", index: 116, lineno: 4, colno: 29 }, data: Primative })
[TRACE] Entering Equality Expression
[INFO] token found: Ok(LexerOutput { meta: LexerMeta { raw_match: "primative", index: 116, lineno: 4, colno: 29 }, data: Primative })
[TRACE] Entering Relational Expression
[INFO] token found: Ok(LexerOutput { meta: LexerMeta { raw_match: "primative", index: 116, lineno: 4, colno: 29 }, data: Primative })
[TRACE] Entering Shift Expression
[INFO] token found: Ok(LexerOutput { meta: LexerMeta { raw_match: "primative", index: 116, lineno: 4, colno: 29 }, data: Primative })
[TRACE] Entering additive expression
[INFO] token found: Ok(LexerOutput { meta: LexerMeta { raw_match: "primative", index: 116, lineno: 4, colno: 29 }, data: Primative })
[TRACE] Entering multiplicative expression
[INFO] token found: Ok(LexerOutput { meta: LexerMeta { raw_match: "primative", index: 116, lineno: 4, colno: 29 }, data: Primative })
[INFO] token found: Ok(LexerOutput { meta: LexerMeta { raw_match: "primative", index: 116, lineno: 4, colno: 29 }, data: Primative })
[INFO] token found: Ok(LexerOutput { meta: LexerMeta { raw_match: "primative", index: 116, lineno: 4, colno: 29 }, data: Primative })
[TRACE] Error @ LexerError(DoesNotMatch(ErrorMeta { lineno: 4, colno: 29, display: "primative" }))
[INFO] token found: Ok(LexerOutput { meta: LexerMeta { raw_match: "primative", index: 116, lineno: 4, colno: 29 }, data: Primative })
[TRACE] Entering Non Math Expression
[INFO] token found: Ok(LexerOutput { meta: LexerMeta { raw_match: "primative", index: 116, lineno: 4, colno: 29 }, data: Primative })
[TRACE] Entering base expression
[INFO] token found: Ok(LexerOutput { meta: LexerMeta { raw_match: "primative", index: 116, lineno: 4, colno: 29 }, data: Primative })
[INFO] token found: Ok(LexerOutput { meta: LexerMeta { raw_match: "primative", index: 116, lineno: 4, colno: 29 }, data: Primative })
[TRACE] Entering Ident
[INFO] token found: Ok(LexerOutput { meta: LexerMeta { raw_match: "primative", index: 116, lineno: 4, colno: 29 }, data: Primative })
[TRACE] Error @ LexerError(DoesNotMatch(ErrorMeta { lineno: 4, colno: 29, display: "primative" }))
[INFO] token found: Ok(LexerOutput { meta: LexerMeta { raw_match: "primative", index: 116, lineno: 4, colno: 29 }, data: Primative })
[INFO] token found: Ok(LexerOutput { meta: LexerMeta { raw_match: "primative", index: 116, lineno: 4, colno: 29 }, data: Primative })
[INFO] token found: Ok(LexerOutput { meta: LexerMeta { raw_match: "primative", index: 116, lineno: 4, colno: 29 }, data: Primative })
[TRACE] Entered TypeDef
[INFO] token found: Ok(LexerOutput { meta: LexerMeta { raw_match: "primative", index: 116, lineno: 4, colno: 29 }, data: Primative })
[TRACE] entering Function
[INFO] token found: Ok(LexerOutput { meta: LexerMeta { raw_match: "primative", index: 116, lineno: 4, colno: 29 }, data: Primative })
[TRACE] Error @ LexerError(DoesNotMatch(ErrorMeta { lineno: 4, colno: 29, display: "primative" }))
[INFO] token found: Ok(LexerOutput { meta: LexerMeta { raw_match: "primative", index: 116, lineno: 4, colno: 29 }, data: Primative })
[INFO] token found: Ok(LexerOutput { meta: LexerMeta { raw_match: "primative", index: 116, lineno: 4, colno: 29 }, data: Primative })
[TRACE] Error @ LexerError(DoesNotMatch(ErrorMeta { lineno: 4, colno: 29, display: "primative" }))
[INFO] token found: Ok(LexerOutput { meta: LexerMeta { raw_match: "primative", index: 116, lineno: 4, colno: 29 }, data: Primative })
[INFO] token found: Ok(LexerOutput { meta: LexerMeta { raw_match: "primative", index: 116, lineno: 4, colno: 29 }, data: Primative })
[TRACE] Error @ LexerError(DoesNotMatch(ErrorMeta { lineno: 4, colno: 29, display: "primative" }))
[INFO] token found: Ok(LexerOutput { meta: LexerMeta { raw_match: "primative", index: 116, lineno: 4, colno: 29 }, data: Primative })
[INFO] token found: Ok(LexerOutput { meta: LexerMeta { raw_match: "primative", index: 116, lineno: 4, colno: 29 }, data: Primative })
[INFO] token found: Ok(LexerOutput { meta: LexerMeta { raw_match: "(", index: 125, lineno: 4, colno: 30 }, data: OParen })
[INFO] token found: Ok(LexerOutput { meta: LexerMeta { raw_match: "float", index: 126, lineno: 4, colno: 35 }, data: Ident("float") })
[INFO] token found: Ok(LexerOutput { meta: LexerMeta { raw_match: "float", index: 126, lineno: 4, colno: 35 }, data: Ident("float") })
[TRACE] Error @ LexerError(DoesNotMatch(ErrorMeta { lineno: 4, colno: 35, display: "float" }))
[TRACE] Error @ LexerError(DoesNotMatch(ErrorMeta { lineno: 4, colno: 35, display: "float" }))
[INFO] token found: Ok(LexerOutput { meta: LexerMeta { raw_match: "primative", index: 116, lineno: 4, colno: 29 }, data: Primative })
[TRACE] Entering Ident
[INFO] token found: Ok(LexerOutput { meta: LexerMeta { raw_match: "primative", index: 116, lineno: 4, colno: 29 }, data: Primative })
[TRACE] Error @ LexerError(DoesNotMatch(ErrorMeta { lineno: 4, colno: 29, display: "primative" }))
[TRACE] Error @ LexerError(DoesNotMatch(ErrorMeta { lineno: 4, colno: 29, display: "primative" }))
[TRACE] Error @ LexerError(DoesNotMatch(ErrorMeta { lineno: 4, colno: 29, display: "primative" }))
[TRACE] Error @ LexerError(DoesNotMatch(ErrorMeta { lineno: 4, colno: 29, display: "primative" }))
[TRACE] Error @ LexerError(DoesNotMatch(ErrorMeta { lineno: 4, colno: 29, display: "primative" }))
[INFO] token found: Ok(LexerOutput { meta: LexerMeta { raw_match: "const", index: 104, lineno: 4, colno: 13 }, data: Const })
[INFO] token found: Ok(LexerOutput { meta: LexerMeta { raw_match: "const", index: 104, lineno: 4, colno: 13 }, data: Const })
[TRACE] Entered Assignment
[INFO] token found: Ok(LexerOutput { meta: LexerMeta { raw_match: "const", index: 104, lineno: 4, colno: 13 }, data: Const })
[INFO] token found: Ok(LexerOutput { meta: LexerMeta { raw_match: "const", index: 104, lineno: 4, colno: 13 }, data: Const })
[INFO] token found: Ok(LexerOutput { meta: LexerMeta { raw_match: "const", index: 104, lineno: 4, colno: 13 }, data: Const })
[INFO] token found: Ok(LexerOutput { meta: LexerMeta { raw_match: "const", index: 104, lineno: 4, colno: 13 }, data: Const })
[INFO] token found: Ok(LexerOutput { meta: LexerMeta { raw_match: "f32", index: 110, lineno: 4, colno: 17 }, data: Ident("f32") })
[INFO] token found: Ok(LexerOutput { meta: LexerMeta { raw_match: "f32", index: 110, lineno: 4, colno: 17 }, data: Ident("f32") })
[TRACE] Entering Ident Pair
[INFO] token found: Ok(LexerOutput { meta: LexerMeta { raw_match: "f32", index: 110, lineno: 4, colno: 17 }, data: Ident("f32") })
[TRACE] Entering Ident
[INFO] token found: Ok(LexerOutput { meta: LexerMeta { raw_match: "f32", index: 110, lineno: 4, colno: 17 }, data: Ident("f32") })
[INFO] token found: Ok(LexerOutput { meta: LexerMeta { raw_match: "=", index: 114, lineno: 4, colno: 19 }, data: Eq })
[TRACE] Error @ LexerError(DoesNotMatch(ErrorMeta { lineno: 4, colno: 19, display: "=" }))
[INFO] token found: Ok(LexerOutput { meta: LexerMeta { raw_match: "f32", index: 110, lineno: 4, colno: 17 }, data: Ident("f32") })
[TRACE] Entering Ident
[INFO] token found: Ok(LexerOutput { meta: LexerMeta { raw_match: "f32", index: 110, lineno: 4, colno: 17 }, data: Ident("f32") })
[INFO] token found: Ok(LexerOutput { meta: LexerMeta { raw_match: "=", index: 114, lineno: 4, colno: 19 }, data: Eq })
[INFO] token found: Ok(LexerOutput { meta: LexerMeta { raw_match: "primative", index: 116, lineno: 4, colno: 29 }, data: Primative })
[TRACE] Entering Expression
[INFO] token found: Ok(LexerOutput { meta: LexerMeta { raw_match: "primative", index: 116, lineno: 4, colno: 29 }, data: Primative })
[INFO] token found: Ok(LexerOutput { meta: LexerMeta { raw_match: "primative", index: 116, lineno: 4, colno: 29 }, data: Primative })
[INFO] token found: Ok(LexerOutput { meta: LexerMeta { raw_match: "primative", index: 116, lineno: 4, colno: 29 }, data: Primative })
[INFO] token found: Ok(LexerOutput { meta: LexerMeta { raw_match: "primative", index: 116, lineno: 4, colno: 29 }, data: Primative })
[TRACE] Error @ LexerError(DoesNotMatch(ErrorMeta { lineno: 4, colno: 29, display: "primative" }))
[INFO] token found: Ok(LexerOutput { meta: LexerMeta { raw_match: "primative", index: 116, lineno: 4, colno: 29 }, data: Primative })
[TRACE] Entering Non Math Expression
[INFO] token found: Ok(LexerOutput { meta: LexerMeta { raw_match: "primative", index: 116, lineno: 4, colno: 29 }, data: Primative })
[TRACE] Entering base expression
[INFO] token found: Ok(LexerOutput { meta: LexerMeta { raw_match: "primative", index: 116, lineno: 4, colno: 29 }, data: Primative })
[INFO] token found: Ok(LexerOutput { meta: LexerMeta { raw_match: "primative", index: 116, lineno: 4, colno: 29 }, data: Primative })
[TRACE] Entering Ident
[INFO] token found: Ok(LexerOutput { meta: LexerMeta { raw_match: "primative", index: 116, lineno: 4, colno: 29 }, data: Primative })
[TRACE] Error @ LexerError(DoesNotMatch(ErrorMeta { lineno: 4, colno: 29, display: "primative" }))
[INFO] token found: Ok(LexerOutput { meta: LexerMeta { raw_match: "primative", index: 116, lineno: 4, colno: 29 }, data: Primative })
[INFO] token found: Ok(LexerOutput { meta: LexerMeta { raw_match: "primative", index: 116, lineno: 4, colno: 29 }, data: Primative })
[INFO] token found: Ok(LexerOutput { meta: LexerMeta { raw_match: "primative", index: 116, lineno: 4, colno: 29 }, data: Primative })
[TRACE] Entered TypeDef
[INFO] token found: Ok(LexerOutput { meta: LexerMeta { raw_match: "primative", index: 116, lineno: 4, colno: 29 }, data: Primative })
[TRACE] entering Function
[INFO] token found: Ok(LexerOutput { meta: LexerMeta { raw_match: "primative", index: 116, lineno: 4, colno: 29 }, data: Primative })
[TRACE] Error @ LexerError(DoesNotMatch(ErrorMeta { lineno: 4, colno: 29, display: "primative" }))
[INFO] token found: Ok(LexerOutput { meta: LexerMeta { raw_match: "primative", index: 116, lineno: 4, colno: 29 }, data: Primative })
[INFO] token found: Ok(LexerOutput { meta: LexerMeta { raw_match: "primative", index: 116, lineno: 4, colno: 29 }, data: Primative })
[TRACE] Error @ LexerError(DoesNotMatch(ErrorMeta { lineno: 4, colno: 29, display: "primative" }))
[INFO] token found: Ok(LexerOutput { meta: LexerMeta { raw_match: "primative", index: 116, lineno: 4, colno: 29 }, data: Primative })
[INFO] token found: Ok(LexerOutput { meta: LexerMeta { raw_match: "primative", index: 116, lineno: 4, colno: 29 }, data: Primative })
[TRACE] Error @ LexerError(DoesNotMatch(ErrorMeta { lineno: 4, colno: 29, display: "primative" }))
[INFO] token found: Ok(LexerOutput { meta: LexerMeta { raw_match: "primative", index: 116, lineno: 4, colno: 29 }, data: Primative })
[INFO] token found: Ok(LexerOutput { meta: LexerMeta { raw_match: "primative", index: 116, lineno: 4, colno: 29 }, data: Primative })
[INFO] token found: Ok(LexerOutput { meta: LexerMeta { raw_match: "(", index: 125, lineno: 4, colno: 30 }, data: OParen })
[INFO] token found: Ok(LexerOutput { meta: LexerMeta { raw_match: "float", index: 126, lineno: 4, colno: 35 }, data: Ident("float") })
[INFO] token found: Ok(LexerOutput { meta: LexerMeta { raw_match: "float", index: 126, lineno: 4, colno: 35 }, data: Ident("float") })
[TRACE] Error @ LexerError(DoesNotMatch(ErrorMeta { lineno: 4, colno: 35, display: "float" }))
[TRACE] Error @ LexerError(DoesNotMatch(ErrorMeta { lineno: 4, colno: 35, display: "float" }))
[INFO] token found: Ok(LexerOutput { meta: LexerMeta { raw_match: "primative", index: 116, lineno: 4, colno: 29 }, data: Primative })
[TRACE] Entering Ident
[INFO] token found: Ok(LexerOutput { meta: LexerMeta { raw_match: "primative", index: 116, lineno: 4, colno: 29 }, data: Primative })
[TRACE] Error @ LexerError(DoesNotMatch(ErrorMeta { lineno: 4, colno: 29, display: "primative" }))
[TRACE] Error @ LexerError(DoesNotMatch(ErrorMeta { lineno: 4, colno: 29, display: "primative" }))
[TRACE] Error @ LexerError(DoesNotMatch(ErrorMeta { lineno: 4, colno: 29, display: "primative" }))
[INFO] token found: Ok(LexerOutput { meta: LexerMeta { raw_match: "primative", index: 116, lineno: 4, colno: 29 }, data: Primative })
[TRACE] Entering Logical Or Expression
[INFO] token found: Ok(LexerOutput { meta: LexerMeta { raw_match: "primative", index: 116, lineno: 4, colno: 29 }, data: Primative })
[TRACE] Entering Logical And Expression
[INFO] token found: Ok(LexerOutput { meta: LexerMeta { raw_match: "primative", index: 116, lineno: 4, colno: 29 }, data: Primative })
[TRACE] Entering Binary Or Expression
[INFO] token found: Ok(LexerOutput { meta: LexerMeta { raw_match: "primative", index: 116, lineno: 4, colno: 29 }, data: Primative })
[TRACE] Entering Xor Expression
[INFO] token found: Ok(LexerOutput { meta: LexerMeta { raw_match: "primative", index: 116, lineno: 4, colno: 29 }, data: Primative })
[TRACE] Entering Binary And Expression
[INFO] token found: Ok(LexerOutput { meta: LexerMeta { raw_match: "primative", index: 116, lineno: 4, colno: 29 }, data: Primative })
[TRACE] Entering Equality Expression
[INFO] token found: Ok(LexerOutput { meta: LexerMeta { raw_match: "primative", index: 116, lineno: 4, colno: 29 }, data: Primative })
[TRACE] Entering Relational Expression
[INFO] token found: Ok(LexerOutput { meta: LexerMeta { raw_match: "primative", index: 116, lineno: 4, colno: 29 }, data: Primative })
[TRACE] Entering Shift Expression
[INFO] token found: Ok(LexerOutput { meta: LexerMeta { raw_match: "primative", index: 116, lineno: 4, colno: 29 }, data: Primative })
[TRACE] Entering additive expression
[INFO] token found: Ok(LexerOutput { meta: LexerMeta { raw_match: "primative", index: 116, lineno: 4, colno: 29 }, data: Primative })
[TRACE] Entering multiplicative expression
[INFO] token found: Ok(LexerOutput { meta: LexerMeta { raw_match: "primative", index: 116, lineno: 4, colno: 29 }, data: Primative })
[INFO] token found: Ok(LexerOutput { meta: LexerMeta { raw_match: "primative", index: 116, lineno: 4, colno: 29 }, data: Primative })
[INFO] token found: Ok(LexerOutput { meta: LexerMeta { raw_match: "primative", index: 116, lineno: 4, colno: 29 }, data: Primative })
[TRACE] Error @ LexerError(DoesNotMatch(ErrorMeta { lineno: 4, colno: 29, display: "primative" }))
[INFO] token found: Ok(LexerOutput { meta: LexerMeta { raw_match: "primative", index: 116, lineno: 4, colno: 29 }, data: Primative })
[TRACE] Entering Non Math Expression
[INFO] token found: Ok(LexerOutput { meta: LexerMeta { raw_match: "primative", index: 116, lineno: 4, colno: 29 }, data: Primative })
[TRACE] Entering base expression
[INFO] token found: Ok(LexerOutput { meta: LexerMeta { raw_match: "primative", index: 116, lineno: 4, colno: 29 }, data: Primative })
[INFO] token found: Ok(LexerOutput { meta: LexerMeta { raw_match: "primative", index: 116, lineno: 4, colno: 29 }, data: Primative })
[TRACE] Entering Ident
[INFO] token found: Ok(LexerOutput { meta: LexerMeta { raw_match: "primative", index: 116, lineno: 4, colno: 29 }, data: Primative })
[TRACE] Error @ LexerError(DoesNotMatch(ErrorMeta { lineno: 4, colno: 29, display: "primative" }))
[INFO] token found: Ok(LexerOutput { meta: LexerMeta { raw_match: "primative", index: 116, lineno: 4, colno: 29 }, data: Primative })
[INFO] token found: Ok(LexerOutput { meta: LexerMeta { raw_match: "primative", index: 116, lineno: 4, colno: 29 }, data: Primative })
[INFO] token found: Ok(LexerOutput { meta: LexerMeta { raw_match: "primative", index: 116, lineno: 4, colno: 29 }, data: Primative })
[TRACE] Entered TypeDef
[INFO] token found: Ok(LexerOutput { meta: LexerMeta { raw_match: "primative", index: 116, lineno: 4, colno: 29 }, data: Primative })
[TRACE] entering Function
[INFO] token found: Ok(LexerOutput { meta: LexerMeta { raw_match: "primative", index: 116, lineno: 4, colno: 29 }, data: Primative })
[TRACE] Error @ LexerError(DoesNotMatch(ErrorMeta { lineno: 4, colno: 29, display: "primative" }))
[INFO] token found: Ok(LexerOutput { meta: LexerMeta { raw_match: "primative", index: 116, lineno: 4, colno: 29 }, data: Primative })
[INFO] token found: Ok(LexerOutput { meta: LexerMeta { raw_match: "primative", index: 116, lineno: 4, colno: 29 }, data: Primative })
[TRACE] Error @ LexerError(DoesNotMatch(ErrorMeta { lineno: 4, colno: 29, display: "primative" }))
[INFO] token found: Ok(LexerOutput { meta: LexerMeta { raw_match: "primative", index: 116, lineno: 4, colno: 29 }, data: Primative })
[INFO] token found: Ok(LexerOutput { meta: LexerMeta { raw_match: "primative", index: 116, lineno: 4, colno: 29 }, data: Primative })
[TRACE] Error @ LexerError(DoesNotMatch(ErrorMeta { lineno: 4, colno: 29, display: "primative" }))
[INFO] token found: Ok(LexerOutput { meta: LexerMeta { raw_match: "primative", index: 116, lineno: 4, colno: 29 }, data: Primative })
[INFO] token found: Ok(LexerOutput { meta: LexerMeta { raw_match: "primative", index: 116, lineno: 4, colno: 29 }, data: Primative })
[INFO] token found: Ok(LexerOutput { meta: LexerMeta { raw_match: "(", index: 125, lineno: 4, colno: 30 }, data: OParen })
[INFO] token found: Ok(LexerOutput { meta: LexerMeta { raw_match: "float", index: 126, lineno: 4, colno: 35 }, data: Ident("float") })
[INFO] token found: Ok(LexerOutput { meta: LexerMeta { raw_match: "float", index: 126, lineno: 4, colno: 35 }, data: Ident("float") })
[TRACE] Error @ LexerError(DoesNotMatch(ErrorMeta { lineno: 4, colno: 35, display: "float" }))
[TRACE] Error @ LexerError(DoesNotMatch(ErrorMeta { lineno: 4, colno: 35, display: "float" }))
[INFO] token found: Ok(LexerOutput { meta: LexerMeta { raw_match: "primative", index: 116, lineno: 4, colno: 29 }, data: Primative })
[TRACE] Entering Ident
[INFO] token found: Ok(LexerOutput { meta: LexerMeta { raw_match: "primative", index: 116, lineno: 4, colno: 29 }, data: Primative })
[TRACE] Error @ LexerError(DoesNotMatch(ErrorMeta { lineno: 4, colno: 29, display: "primative" }))
[TRACE] Error @ LexerError(DoesNotMatch(ErrorMeta { lineno: 4, colno: 29, display: "primative" }))
[TRACE] Error @ LexerError(DoesNotMatch(ErrorMeta { lineno: 4, colno: 29, display: "primative" }))
[TRACE] Error @ LexerError(DoesNotMatch(ErrorMeta { lineno: 4, colno: 29, display: "primative" }))
[TRACE] Error @ LexerError(DoesNotMatch(ErrorMeta { lineno: 4, colno: 29, display: "primative" }))
[TRACE] Error @ LexerError(DoesNotMatch(ErrorMeta { lineno: 4, colno: 29, display: "primative" }))
[TRACE] finished parse

thread 'parser::test::test_typing' (4577716) panicked at compiler/src/parser/test.rs:27:6:
is valid: LexerError(DoesNotMatch(ErrorMeta { lineno: 4, colno: 29, display: "primative" }))
note: run with `RUST_BACKTRACE=1` environment variable to display a backtrace

---- parser::test::test_function_syntax stdout ----
[TRACE] starting parse
[INFO] token found: Ok(LexerOutput { meta: LexerMeta { raw_match: "const", index: 9, lineno: 1, colno: 13 }, data: Const })
[INFO] token found: Ok(LexerOutput { meta: LexerMeta { raw_match: "const", index: 9, lineno: 1, colno: 13 }, data: Const })
[INFO] token found: Ok(LexerOutput { meta: LexerMeta { raw_match: "const", index: 9, lineno: 1, colno: 13 }, data: Const })
[TRACE] Entered Assignment
[INFO] token found: Ok(LexerOutput { meta: LexerMeta { raw_match: "const", index: 9, lineno: 1, colno: 13 }, data: Const })
[INFO] token found: Ok(LexerOutput { meta: LexerMeta { raw_match: "const", index: 9, lineno: 1, colno: 13 }, data: Const })
[INFO] token found: Ok(LexerOutput { meta: LexerMeta { raw_match: "const", index: 9, lineno: 1, colno: 13 }, data: Const })
[INFO] token found: Ok(LexerOutput { meta: LexerMeta { raw_match: "const", index: 9, lineno: 1, colno: 13 }, data: Const })
[INFO] token found: Ok(LexerOutput { meta: LexerMeta { raw_match: "foo", index: 15, lineno: 1, colno: 17 }, data: Ident("foo") })
[INFO] token found: Ok(LexerOutput { meta: LexerMeta { raw_match: "foo", index: 15, lineno: 1, colno: 17 }, data: Ident("foo") })
[TRACE] Entering Ident Pair
[INFO] token found: Ok(LexerOutput { meta: LexerMeta { raw_match: "foo", index: 15, lineno: 1, colno: 17 }, data: Ident("foo") })
[TRACE] Entering Ident
[INFO] token found: Ok(LexerOutput { meta: LexerMeta { raw_match: "foo", index: 15, lineno: 1, colno: 17 }, data: Ident("foo") })
[INFO] token found: Ok(LexerOutput { meta: LexerMeta { raw_match: "=", index: 19, lineno: 1, colno: 19 }, data: Eq })
[TRACE] Error @ LexerError(DoesNotMatch(ErrorMeta { lineno: 1, colno: 19, display: "=" }))
[INFO] token found: Ok(LexerOutput { meta: LexerMeta { raw_match: "foo", index: 15, lineno: 1, colno: 17 }, data: Ident("foo") })
[TRACE] Entering Ident
[INFO] token found: Ok(LexerOutput { meta: LexerMeta { raw_match: "foo", index: 15, lineno: 1, colno: 17 }, data: Ident("foo") })
[INFO] token found: Ok(LexerOutput { meta: LexerMeta { raw_match: "=", index: 19, lineno: 1, colno: 19 }, data: Eq })
[INFO] token found: Ok(LexerOutput { meta: LexerMeta { raw_match: "fn", index: 21, lineno: 1, colno: 22 }, data: Fn })
[TRACE] Entering Expression
[INFO] token found: Ok(LexerOutput { meta: LexerMeta { raw_match: "fn", index: 21, lineno: 1, colno: 22 }, data: Fn })
[INFO] token found: Ok(LexerOutput { meta: LexerMeta { raw_match: "fn", index: 21, lineno: 1, colno: 22 }, data: Fn })
[INFO] token found: Ok(LexerOutput { meta: LexerMeta { raw_match: "fn", index: 21, lineno: 1, colno: 22 }, data: Fn })
[INFO] token found: Ok(LexerOutput { meta: LexerMeta { raw_match: "fn", index: 21, lineno: 1, colno: 22 }, data: Fn })
[TRACE] Error @ LexerError(DoesNotMatch(ErrorMeta { lineno: 1, colno: 22, display: "fn" }))
[INFO] token found: Ok(LexerOutput { meta: LexerMeta { raw_match: "fn", index: 21, lineno: 1, colno: 22 }, data: Fn })
[TRACE] Entering Non Math Expression
[INFO] token found: Ok(LexerOutput { meta: LexerMeta { raw_match: "fn", index: 21, lineno: 1, colno: 22 }, data: Fn })
[TRACE] Entering base expression
[INFO] token found: Ok(LexerOutput { meta: LexerMeta { raw_match: "fn", index: 21, lineno: 1, colno: 22 }, data: Fn })
[INFO] token found: Ok(LexerOutput { meta: LexerMeta { raw_match: "fn", index: 21, lineno: 1, colno: 22 }, data: Fn })
[TRACE] Entering Ident
[INFO] token found: Ok(LexerOutput { meta: LexerMeta { raw_match: "fn", index: 21, lineno: 1, colno: 22 }, data: Fn })
[TRACE] Error @ LexerError(DoesNotMatch(ErrorMeta { lineno: 1, colno: 22, display: "fn" }))
[INFO] token found: Ok(LexerOutput { meta: LexerMeta { raw_match: "fn", index: 21, lineno: 1, colno: 22 }, data: Fn })
[INFO] token found: Ok(LexerOutput { meta: LexerMeta { raw_match: "fn", index: 21, lineno: 1, colno: 22 }, data: Fn })
[INFO] token found: Ok(LexerOutput { meta: LexerMeta { raw_match: "fn", index: 21, lineno: 1, colno: 22 }, data: Fn })
[TRACE] Entered TypeDef
[INFO] token found: Ok(LexerOutput { meta: LexerMeta { raw_match: "fn", index: 21, lineno: 1, colno: 22 }, data: Fn })
[TRACE] entering Function
[INFO] token found: Ok(LexerOutput { meta: LexerMeta { raw_match: "fn", index: 21, lineno: 1, colno: 22 }, data: Fn })
[INFO] token found: Ok(LexerOutput { meta: LexerMeta { raw_match: "(", index: 24, lineno: 1, colno: 24 }, data: OParen })
[INFO] token found: Ok(LexerOutput { meta: LexerMeta { raw_match: "a", index: 25, lineno: 1, colno: 25 }, data: Ident("a") })
[INFO] token found: Ok(LexerOutput { meta: LexerMeta { raw_match: "a", index: 25, lineno: 1, colno: 25 }, data: Ident("a") })
[TRACE] Entering Ident Pair
[INFO] token found: Ok(LexerOutput { meta: LexerMeta { raw_match: "a", index: 25, lineno: 1, colno: 25 }, data: Ident("a") })
[TRACE] Entering Ident
[INFO] token found: Ok(LexerOutput { meta: LexerMeta { raw_match: "a", index: 25, lineno: 1, colno: 25 }, data: Ident("a") })
[INFO] token found: Ok(LexerOutput { meta: LexerMeta { raw_match: ":", index: 26, lineno: 1, colno: 26 }, data: Colon })
[INFO] token found: Ok(LexerOutput { meta: LexerMeta { raw_match: "b", index: 27, lineno: 1, colno: 27 }, data: Ident("b") })
[TRACE] Entering Ident
[INFO] token found: Ok(LexerOutput { meta: LexerMeta { raw_match: "b", index: 27, lineno: 1, colno: 27 }, data: Ident("b") })
[INFO] token found: Ok(LexerOutput { meta: LexerMeta { raw_match: ",", index: 28, lineno: 1, colno: 28 }, data: Comma })
[INFO] token found: Ok(LexerOutput { meta: LexerMeta { raw_match: "c", index: 30, lineno: 1, colno: 30 }, data: Ident("c") })
[INFO] token found: Ok(LexerOutput { meta: LexerMeta { raw_match: "c", index: 30, lineno: 1, colno: 30 }, data: Ident("c") })
[TRACE] Entering Ident Pair
[INFO] token found: Ok(LexerOutput { meta: LexerMeta { raw_match: "c", index: 30, lineno: 1, colno: 30 }, data: Ident("c") })
[TRACE] Entering Ident
[INFO] token found: Ok(LexerOutput { meta: LexerMeta { raw_match: "c", index: 30, lineno: 1, colno: 30 }, data: Ident("c") })
[INFO] token found: Ok(LexerOutput { meta: LexerMeta { raw_match: ":", index: 31, lineno: 1, colno: 31 }, data: Colon })
[INFO] token found: Ok(LexerOutput { meta: LexerMeta { raw_match: "d", index: 32, lineno: 1, colno: 32 }, data: Ident("d") })
[TRACE] Entering Ident
[INFO] token found: Ok(LexerOutput { meta: LexerMeta { raw_match: "d", index: 32, lineno: 1, colno: 32 }, data: Ident("d") })
[INFO] token found: Ok(LexerOutput { meta: LexerMeta { raw_match: ",", index: 33, lineno: 1, colno: 33 }, data: Comma })
[INFO] token found: Ok(LexerOutput { meta: LexerMeta { raw_match: "d", index: 35, lineno: 1, colno: 35 }, data: Ident("d") })
[INFO] token found: Ok(LexerOutput { meta: LexerMeta { raw_match: "d", index: 35, lineno: 1, colno: 35 }, data: Ident("d") })
[TRACE] Entering Ident Pair
[INFO] token found: Ok(LexerOutput { meta: LexerMeta { raw_match: "d", index: 35, lineno: 1, colno: 35 }, data: Ident("d") })
[TRACE] Entering Ident
[INFO] token found: Ok(LexerOutput { meta: LexerMeta { raw_match: "d", index: 35, lineno: 1, colno: 35 }, data: Ident("d") })
[INFO] token found: Ok(LexerOutput { meta: LexerMeta { raw_match: ":", index: 36, lineno: 1, colno: 36 }, data: Colon })
[INFO] token found: Ok(LexerOutput { meta: LexerMeta { raw_match: "f", index: 37, lineno: 1, colno: 37 }, data: Ident("f") })
[TRACE] Entering Ident
[INFO] token found: Ok(LexerOutput { meta: LexerMeta { raw_match: "f", index: 37, lineno: 1, colno: 37 }, data: Ident("f") })
[INFO] token found: Ok(LexerOutput { meta: LexerMeta { raw_match: ")", index: 38, lineno: 1, colno: 38 }, data: CParen })
[INFO] token found: Ok(LexerOutput { meta: LexerMeta { raw_match: ")", index: 38, lineno: 1, colno: 38 }, data: CParen })
[INFO] token found: Ok(LexerOutput { meta: LexerMeta { raw_match: ")", index: 38, lineno: 1, colno: 38 }, data: CParen })
[TRACE] Entering Ident Pair
[INFO] token found: Ok(LexerOutput { meta: LexerMeta { raw_match: ")", index: 38, lineno: 1, colno: 38 }, data: CParen })
[TRACE] Entering Ident
[INFO] token found: Ok(LexerOutput { meta: LexerMeta { raw_match: ")", index: 38, lineno: 1, colno: 38 }, data: CParen })
[TRACE] Error @ LexerError(DoesNotMatch(ErrorMeta { lineno: 1, colno: 38, display: ")" }))
[TRACE] Error @ LexerError(DoesNotMatch(ErrorMeta { lineno: 1, colno: 38, display: ")" }))
[INFO] token found: Ok(LexerOutput { meta: LexerMeta { raw_match: ")", index: 38, lineno: 1, colno: 38 }, data: CParen })
[INFO] token found: Ok(LexerOutput { meta: LexerMeta { raw_match: "->", index: 40, lineno: 1, colno: 41 }, data: SkinnyArrow })
[INFO] token found: Ok(LexerOutput { meta: LexerMeta { raw_match: "foo", index: 43, lineno: 1, colno: 45 }, data: Ident("foo") })
[TRACE] Entering Ident
[INFO] token found: Ok(LexerOutput { meta: LexerMeta { raw_match: "foo", index: 43, lineno: 1, colno: 45 }, data: Ident("foo") })
[INFO] token found: Ok(LexerOutput { meta: LexerMeta { raw_match: "{", index: 47, lineno: 1, colno: 47 }, data: OCBracket })
[INFO] token found: Ok(LexerOutput { meta: LexerMeta { raw_match: "let", index: 61, lineno: 2, colno: 15 }, data: Let })
[INFO] token found: Ok(LexerOutput { meta: LexerMeta { raw_match: "let", index: 61, lineno: 2, colno: 15 }, data: Let })
[TRACE] Entering Statment
[INFO] token found: Ok(LexerOutput { meta: LexerMeta { raw_match: "let", index: 61, lineno: 2, colno: 15 }, data: Let })
[TRACE] Entered Assignment
[INFO] token found: Ok(LexerOutput { meta: LexerMeta { raw_match: "let", index: 61, lineno: 2, colno: 15 }, data: Let })
[INFO] token found: Ok(LexerOutput { meta: LexerMeta { raw_match: "let", index: 61, lineno: 2, colno: 15 }, data: Let })
[INFO] token found: Ok(LexerOutput { meta: LexerMeta { raw_match: "let", index: 61, lineno: 2, colno: 15 }, data: Let })
[INFO] token found: Ok(LexerOutput { meta: LexerMeta { raw_match: "x", index: 65, lineno: 2, colno: 17 }, data: Ident("x") })
[INFO] token found: Ok(LexerOutput { meta: LexerMeta { raw_match: "x", index: 65, lineno: 2, colno: 17 }, data: Ident("x") })
[INFO] token found: Ok(LexerOutput { meta: LexerMeta { raw_match: "x", index: 65, lineno: 2, colno: 17 }, data: Ident("x") })
[TRACE] Entering Ident Pair
[INFO] token found: Ok(LexerOutput { meta: LexerMeta { raw_match: "x", index: 65, lineno: 2, colno: 17 }, data: Ident("x") })
[TRACE] Entering Ident
[INFO] token found: Ok(LexerOutput { meta: LexerMeta { raw_match: "x", index: 65, lineno: 2, colno: 17 }, data: Ident("x") })
[INFO] token found: Ok(LexerOutput { meta: LexerMeta { raw_match: "=", index: 67, lineno: 2, colno: 19 }, data: Eq })
[TRACE] Error @ LexerError(DoesNotMatch(ErrorMeta { lineno: 2, colno: 19, display: "=" }))
[INFO] token found: Ok(LexerOutput { meta: LexerMeta { raw_match: "x", index: 65, lineno: 2, colno: 17 }, data: Ident("x") })
[TRACE] Entering Ident
[INFO] token found: Ok(LexerOutput { meta: LexerMeta { raw_match: "x", index: 65, lineno: 2, colno: 17 }, data: Ident("x") })
[INFO] token found: Ok(LexerOutput { meta: LexerMeta { raw_match: "=", index: 67, lineno: 2, colno: 19 }, data: Eq })
[INFO] token found: Ok(LexerOutput { meta: LexerMeta { raw_match: "2", index: 69, lineno: 2, colno: 21 }, data: IntLit("2") })
[TRACE] Entering Expression
[INFO] token found: Ok(LexerOutput { meta: LexerMeta { raw_match: "2", index: 69, lineno: 2, colno: 21 }, data: IntLit("2") })
[INFO] token found: Ok(LexerOutput { meta: LexerMeta { raw_match: "2", index: 69, lineno: 2, colno: 21 }, data: IntLit("2") })
[INFO] token found: Ok(LexerOutput { meta: LexerMeta { raw_match: "2", index: 69, lineno: 2, colno: 21 }, data: IntLit("2") })
[INFO] token found: Ok(LexerOutput { meta: LexerMeta { raw_match: "2", index: 69, lineno: 2, colno: 21 }, data: IntLit("2") })
[TRACE] Error @ LexerError(DoesNotMatch(ErrorMeta { lineno: 2, colno: 21, display: "2" }))
[INFO] token found: Ok(LexerOutput { meta: LexerMeta { raw_match: "2", index: 69, lineno: 2, colno: 21 }, data: IntLit("2") })
[TRACE] Entering Non Math Expression
[INFO] token found: Ok(LexerOutput { meta: LexerMeta { raw_match: "2", index: 69, lineno: 2, colno: 21 }, data: IntLit("2") })
[TRACE] Entering base expression
[INFO] token found: Ok(LexerOutput { meta: LexerMeta { raw_match: "2", index: 69, lineno: 2, colno: 21 }, data: IntLit("2") })
[INFO] token found: Ok(LexerOutput { meta: LexerMeta { raw_match: "2", index: 69, lineno: 2, colno: 21 }, data: IntLit("2") })
[TRACE] Entering Ident
[INFO] token found: Ok(LexerOutput { meta: LexerMeta { raw_match: "2", index: 69, lineno: 2, colno: 21 }, data: IntLit("2") })
[TRACE] Error @ LexerError(DoesNotMatch(ErrorMeta { lineno: 2, colno: 21, display: "2" }))
[INFO] token found: Ok(LexerOutput { meta: LexerMeta { raw_match: "2", index: 69, lineno: 2, colno: 21 }, data: IntLit("2") })
[INFO] token found: Ok(LexerOutput { meta: LexerMeta { raw_match: "2", index: 69, lineno: 2, colno: 21 }, data: IntLit("2") })
[INFO] token found: Ok(LexerOutput { meta: LexerMeta { raw_match: ";", index: 70, lineno: 2, colno: 22 }, data: SemiColon })
[INFO] token found: Ok(LexerOutput { meta: LexerMeta { raw_match: ";", index: 70, lineno: 2, colno: 22 }, data: SemiColon })
[INFO] token found: Ok(LexerOutput { meta: LexerMeta { raw_match: ";", index: 70, lineno: 2, colno: 22 }, data: SemiColon })
[INFO] token found: Ok(LexerOutput { meta: LexerMeta { raw_match: ";", index: 70, lineno: 2, colno: 22 }, data: SemiColon })
[INFO] token found: Ok(LexerOutput { meta: LexerMeta { raw_match: ";", index: 70, lineno: 2, colno: 22 }, data: SemiColon })
[TRACE] Error @ LexerError(DoesNotMatch(ErrorMeta { lineno: 2, colno: 22, display: ";" }))
[INFO] token found: Ok(LexerOutput { meta: LexerMeta { raw_match: "2", index: 69, lineno: 2, colno: 21 }, data: IntLit("2") })
[TRACE] Entering Logical Or Expression
[INFO] token found: Ok(LexerOutput { meta: LexerMeta { raw_match: "2", index: 69, lineno: 2, colno: 21 }, data: IntLit("2") })
[TRACE] Entering Logical And Expression
[INFO] token found: Ok(LexerOutput { meta: LexerMeta { raw_match: "2", index: 69, lineno: 2, colno: 21 }, data: IntLit("2") })
[TRACE] Entering Binary Or Expression
[INFO] token found: Ok(LexerOutput { meta: LexerMeta { raw_match: "2", index: 69, lineno: 2, colno: 21 }, data: IntLit("2") })
[TRACE] Entering Xor Expression
[INFO] token found: Ok(LexerOutput { meta: LexerMeta { raw_match: "2", index: 69, lineno: 2, colno: 21 }, data: IntLit("2") })
[TRACE] Entering Binary And Expression
[INFO] token found: Ok(LexerOutput { meta: LexerMeta { raw_match: "2", index: 69, lineno: 2, colno: 21 }, data: IntLit("2") })
[TRACE] Entering Equality Expression
[INFO] token found: Ok(LexerOutput { meta: LexerMeta { raw_match: "2", index: 69, lineno: 2, colno: 21 }, data: IntLit("2") })
[TRACE] Entering Relational Expression
[INFO] token found: Ok(LexerOutput { meta: LexerMeta { raw_match: "2", index: 69, lineno: 2, colno: 21 }, data: IntLit("2") })
[TRACE] Entering Shift Expression
[INFO] token found: Ok(LexerOutput { meta: LexerMeta { raw_match: "2", index: 69, lineno: 2, colno: 21 }, data: IntLit("2") })
[TRACE] Entering additive expression
[INFO] token found: Ok(LexerOutput { meta: LexerMeta { raw_match: "2", index: 69, lineno: 2, colno: 21 }, data: IntLit("2") })
[TRACE] Entering multiplicative expression
[INFO] token found: Ok(LexerOutput { meta: LexerMeta { raw_match: "2", index: 69, lineno: 2, colno: 21 }, data: IntLit("2") })
[INFO] token found: Ok(LexerOutput { meta: LexerMeta { raw_match: "2", index: 69, lineno: 2, colno: 21 }, data: IntLit("2") })
[INFO] token found: Ok(LexerOutput { meta: LexerMeta { raw_match: "2", index: 69, lineno: 2, colno: 21 }, data: IntLit("2") })
[TRACE] Error @ LexerError(DoesNotMatch(ErrorMeta { lineno: 2, colno: 21, display: "2" }))
[INFO] token found: Ok(LexerOutput { meta: LexerMeta { raw_match: "2", index: 69, lineno: 2, colno: 21 }, data: IntLit("2") })
[TRACE] Entering Non Math Expression
[INFO] token found: Ok(LexerOutput { meta: LexerMeta { raw_match: "2", index: 69, lineno: 2, colno: 21 }, data: IntLit("2") })
[TRACE] Entering base expression
[INFO] token found: Ok(LexerOutput { meta: LexerMeta { raw_match: "2", index: 69, lineno: 2, colno: 21 }, data: IntLit("2") })
[INFO] token found: Ok(LexerOutput { meta: LexerMeta { raw_match: "2", index: 69, lineno: 2, colno: 21 }, data: IntLit("2") })
[TRACE] Entering Ident
[INFO] token found: Ok(LexerOutput { meta: LexerMeta { raw_match: "2", index: 69, lineno: 2, colno: 21 }, data: IntLit("2") })
[TRACE] Error @ LexerError(DoesNotMatch(ErrorMeta { lineno: 2, colno: 21, display: "2" }))
[INFO] token found: Ok(LexerOutput { meta: LexerMeta { raw_match: "2", index: 69, lineno: 2, colno: 21 }, data: IntLit("2") })
[INFO] token found: Ok(LexerOutput { meta: LexerMeta { raw_match: "2", index: 69, lineno: 2, colno: 21 }, data: IntLit("2") })
[INFO] token found: Ok(LexerOutput { meta: LexerMeta { raw_match: ";", index: 70, lineno: 2, colno: 22 }, data: SemiColon })
[INFO] token found: Ok(LexerOutput { meta: LexerMeta { raw_match: ";", index: 70, lineno: 2, colno: 22 }, data: SemiColon })
[INFO] token found: Ok(LexerOutput { meta: LexerMeta { raw_match: ";", index: 70, lineno: 2, colno: 22 }, data: SemiColon })
[INFO] token found: Ok(LexerOutput { meta: LexerMeta { raw_match: ";", index: 70, lineno: 2, colno: 22 }, data: SemiColon })
[INFO] token found: Ok(LexerOutput { meta: LexerMeta { raw_match: ";", index: 70, lineno: 2, colno: 22 }, data: SemiColon })
[INFO] token found: Ok(LexerOutput { meta: LexerMeta { raw_match: ";", index: 70, lineno: 2, colno: 22 }, data: SemiColon })
[TRACE] Error @ LexerError(DoesNotMatch(ErrorMeta { lineno: 2, colno: 22, display: ";" }))
[INFO] token found: Ok(LexerOutput { meta: LexerMeta { raw_match: ";", index: 70, lineno: 2, colno: 22 }, data: SemiColon })
[INFO] token found: Ok(LexerOutput { meta: LexerMeta { raw_match: ";", index: 70, lineno: 2, colno: 22 }, data: SemiColon })
[INFO] token found: Ok(LexerOutput { meta: LexerMeta { raw_match: ";", index: 70, lineno: 2, colno: 22 }, data: SemiColon })
[INFO] token found: Ok(LexerOutput { meta: LexerMeta { raw_match: ";", index: 70, lineno: 2, colno: 22 }, data: SemiColon })
[TRACE] Error @ LexerError(DoesNotMatch(ErrorMeta { lineno: 2, colno: 22, display: ";" }))
[INFO] token found: Ok(LexerOutput { meta: LexerMeta { raw_match: ";", index: 70, lineno: 2, colno: 22 }, data: SemiColon })
[INFO] token found: Ok(LexerOutput { meta: LexerMeta { raw_match: ";", index: 70, lineno: 2, colno: 22 }, data: SemiColon })
[INFO] token found: Ok(LexerOutput { meta: LexerMeta { raw_match: ";", index: 70, lineno: 2, colno: 22 }, data: SemiColon })
[INFO] token found: Ok(LexerOutput { meta: LexerMeta { raw_match: ";", index: 70, lineno: 2, colno: 22 }, data: SemiColon })
[TRACE] Error @ LexerError(DoesNotMatch(ErrorMeta { lineno: 2, colno: 22, display: ";" }))
[INFO] token found: Ok(LexerOutput { meta: LexerMeta { raw_match: ";", index: 70, lineno: 2, colno: 22 }, data: SemiColon })
[INFO] token found: Ok(LexerOutput { meta: LexerMeta { raw_match: ";", index: 70, lineno: 2, colno: 22 }, data: SemiColon })
[INFO] token found: Ok(LexerOutput { meta: LexerMeta { raw_match: ";", index: 70, lineno: 2, colno: 22 }, data: SemiColon })
[INFO] token found: Ok(LexerOutput { meta: LexerMeta { raw_match: ";", index: 70, lineno: 2, colno: 22 }, data: SemiColon })
[TRACE] Error @ LexerError(DoesNotMatch(ErrorMeta { lineno: 2, colno: 22, display: ";" }))
[INFO] token found: Ok(LexerOutput { meta: LexerMeta { raw_match: ";", index: 70, lineno: 2, colno: 22 }, data: SemiColon })
[INFO] token found: Ok(LexerOutput { meta: LexerMeta { raw_match: ";", index: 70, lineno: 2, colno: 22 }, data: SemiColon })
[INFO] token found: Ok(LexerOutput { meta: LexerMeta { raw_match: ";", index: 70, lineno: 2, colno: 22 }, data: SemiColon })
[INFO] token found: Ok(LexerOutput { meta: LexerMeta { raw_match: ";", index: 70, lineno: 2, colno: 22 }, data: SemiColon })
[TRACE] Error @ LexerError(DoesNotMatch(ErrorMeta { lineno: 2, colno: 22, display: ";" }))
[INFO] token found: Ok(LexerOutput { meta: LexerMeta { raw_match: ";", index: 70, lineno: 2, colno: 22 }, data: SemiColon })
[INFO] token found: Ok(LexerOutput { meta: LexerMeta { raw_match: ";", index: 70, lineno: 2, colno: 22 }, data: SemiColon })
[INFO] token found: Ok(LexerOutput { meta: LexerMeta { raw_match: ";", index: 70, lineno: 2, colno: 22 }, data: SemiColon })
[INFO] token found: Ok(LexerOutput { meta: LexerMeta { raw_match: ";", index: 70, lineno: 2, colno: 22 }, data: SemiColon })
[TRACE] Error @ LexerError(DoesNotMatch(ErrorMeta { lineno: 2, colno: 22, display: ";" }))
[INFO] token found: Ok(LexerOutput { meta: LexerMeta { raw_match: ";", index: 70, lineno: 2, colno: 22 }, data: SemiColon })
[INFO] token found: Ok(LexerOutput { meta: LexerMeta { raw_match: ";", index: 70, lineno: 2, colno: 22 }, data: SemiColon })
[INFO] token found: Ok(LexerOutput { meta: LexerMeta { raw_match: ";", index: 70, lineno: 2, colno: 22 }, data: SemiColon })
[INFO] token found: Ok(LexerOutput { meta: LexerMeta { raw_match: ";", index: 70, lineno: 2, colno: 22 }, data: SemiColon })
[TRACE] Error @ LexerError(DoesNotMatch(ErrorMeta { lineno: 2, colno: 22, display: ";" }))
[INFO] token found: Ok(LexerOutput { meta: LexerMeta { raw_match: ";", index: 70, lineno: 2, colno: 22 }, data: SemiColon })
[INFO] token found: Ok(LexerOutput { meta: LexerMeta { raw_match: ";", index: 70, lineno: 2, colno: 22 }, data: SemiColon })
[INFO] token found: Ok(LexerOutput { meta: LexerMeta { raw_match: ";", index: 70, lineno: 2, colno: 22 }, data: SemiColon })
[INFO] token found: Ok(LexerOutput { meta: LexerMeta { raw_match: ";", index: 70, lineno: 2, colno: 22 }, data: SemiColon })
[TRACE] Error @ LexerError(DoesNotMatch(ErrorMeta { lineno: 2, colno: 22, display: ";" }))
[INFO] token found: Ok(LexerOutput { meta: LexerMeta { raw_match: ";", index: 70, lineno: 2, colno: 22 }, data: SemiColon })
[INFO] token found: Ok(LexerOutput { meta: LexerMeta { raw_match: ";", index: 70, lineno: 2, colno: 22 }, data: SemiColon })
[INFO] token found: Ok(LexerOutput { meta: LexerMeta { raw_match: ";", index: 70, lineno: 2, colno: 22 }, data: SemiColon })
[INFO] token found: Ok(LexerOutput { meta: LexerMeta { raw_match: ";", index: 70, lineno: 2, colno: 22 }, data: SemiColon })
[TRACE] Error @ LexerError(DoesNotMatch(ErrorMeta { lineno: 2, colno: 22, display: ";" }))
[INFO] token found: Ok(LexerOutput { meta: LexerMeta { raw_match: ";", index: 70, lineno: 2, colno: 22 }, data: SemiColon })
[INFO] token found: Ok(LexerOutput { meta: LexerMeta { raw_match: ";", index: 70, lineno: 2, colno: 22 }, data: SemiColon })
[INFO] token found: Ok(LexerOutput { meta: LexerMeta { raw_match: ";", index: 70, lineno: 2, colno: 22 }, data: SemiColon })
[INFO] token found: Ok(LexerOutput { meta: LexerMeta { raw_match: ";", index: 70, lineno: 2, colno: 22 }, data: SemiColon })
[TRACE] Error @ LexerError(DoesNotMatch(ErrorMeta { lineno: 2, colno: 22, display: ";" }))
[TRACE] Error @ Other
[INFO] token found: Ok(LexerOutput { meta: LexerMeta { raw_match: "let", index: 61, lineno: 2, colno: 15 }, data: Let })
[TRACE] Entering Expression
[INFO] token found: Ok(LexerOutput { meta: LexerMeta { raw_match: "let", index: 61, lineno: 2, colno: 15 }, data: Let })
[INFO] token found: Ok(LexerOutput { meta: LexerMeta { raw_match: "let", index: 61, lineno: 2, colno: 15 }, data: Let })
[INFO] token found: Ok(LexerOutput { meta: LexerMeta { raw_match: "let", index: 61, lineno: 2, colno: 15 }, data: Let })
[INFO] token found: Ok(LexerOutput { meta: LexerMeta { raw_match: "let", index: 61, lineno: 2, colno: 15 }, data: Let })
[TRACE] Error @ LexerError(DoesNotMatch(ErrorMeta { lineno: 2, colno: 15, display: "let" }))
[INFO] token found: Ok(LexerOutput { meta: LexerMeta { raw_match: "let", index: 61, lineno: 2, colno: 15 }, data: Let })
[TRACE] Entering Non Math Expression
[INFO] token found: Ok(LexerOutput { meta: LexerMeta { raw_match: "let", index: 61, lineno: 2, colno: 15 }, data: Let })
[TRACE] Entering base expression
[INFO] token found: Ok(LexerOutput { meta: LexerMeta { raw_match: "let", index: 61, lineno: 2, colno: 15 }, data: Let })
[INFO] token found: Ok(LexerOutput { meta: LexerMeta { raw_match: "let", index: 61, lineno: 2, colno: 15 }, data: Let })
[TRACE] Entering Ident
[INFO] token found: Ok(LexerOutput { meta: LexerMeta { raw_match: "let", index: 61, lineno: 2, colno: 15 }, data: Let })
[TRACE] Error @ LexerError(DoesNotMatch(ErrorMeta { lineno: 2, colno: 15, display: "let" }))
[INFO] token found: Ok(LexerOutput { meta: LexerMeta { raw_match: "let", index: 61, lineno: 2, colno: 15 }, data: Let })
[INFO] token found: Ok(LexerOutput { meta: LexerMeta { raw_match: "let", index: 61, lineno: 2, colno: 15 }, data: Let })
[INFO] token found: Ok(LexerOutput { meta: LexerMeta { raw_match: "let", index: 61, lineno: 2, colno: 15 }, data: Let })
[TRACE] Entered TypeDef
[INFO] token found: Ok(LexerOutput { meta: LexerMeta { raw_match: "let", index: 61, lineno: 2, colno: 15 }, data: Let })
[TRACE] entering Function
[INFO] token found: Ok(LexerOutput { meta: LexerMeta { raw_match: "let", index: 61, lineno: 2, colno: 15 }, data: Let })
[TRACE] Error @ LexerError(DoesNotMatch(ErrorMeta { lineno: 2, colno: 15, display: "let" }))
[INFO] token found: Ok(LexerOutput { meta: LexerMeta { raw_match: "let", index: 61, lineno: 2, colno: 15 }, data: Let })
[INFO] token found: Ok(LexerOutput { meta: LexerMeta { raw_match: "let", index: 61, lineno: 2, colno: 15 }, data: Let })
[TRACE] Error @ LexerError(DoesNotMatch(ErrorMeta { lineno: 2, colno: 15, display: "let" }))
[INFO] token found: Ok(LexerOutput { meta: LexerMeta { raw_match: "let", index: 61, lineno: 2, colno: 15 }, data: Let })
[INFO] token found: Ok(LexerOutput { meta: LexerMeta { raw_match: "let", index: 61, lineno: 2, colno: 15 }, data: Let })
[TRACE] Error @ LexerError(DoesNotMatch(ErrorMeta { lineno: 2, colno: 15, display: "let" }))
[INFO] token found: Ok(LexerOutput { meta: LexerMeta { raw_match: "let", index: 61, lineno: 2, colno: 15 }, data: Let })
[INFO] token found: Ok(LexerOutput { meta: LexerMeta { raw_match: "let", index: 61, lineno: 2, colno: 15 }, data: Let })
[TRACE] Error @ LexerError(DoesNotMatch(ErrorMeta { lineno: 2, colno: 15, display: "let" }))
[INFO] token found: Ok(LexerOutput { meta: LexerMeta { raw_match: "let", index: 61, lineno: 2, colno: 15 }, data: Let })
[TRACE] Entering Ident
[INFO] token found: Ok(LexerOutput { meta: LexerMeta { raw_match: "let", index: 61, lineno: 2, colno: 15 }, data: Let })
[TRACE] Error @ LexerError(DoesNotMatch(ErrorMeta { lineno: 2, colno: 15, display: "let" }))
[TRACE] Error @ LexerError(DoesNotMatch(ErrorMeta { lineno: 2, colno: 15, display: "let" }))
[TRACE] Error @ LexerError(DoesNotMatch(ErrorMeta { lineno: 2, colno: 15, display: "let" }))
[INFO] token found: Ok(LexerOutput { meta: LexerMeta { raw_match: "let", index: 61, lineno: 2, colno: 15 }, data: Let })
[TRACE] Entering Logical Or Expression
[INFO] token found: Ok(LexerOutput { meta: LexerMeta { raw_match: "let", index: 61, lineno: 2, colno: 15 }, data: Let })
[TRACE] Entering Logical And Expression
[INFO] token found: Ok(LexerOutput { meta: LexerMeta { raw_match: "let", index: 61, lineno: 2, colno: 15 }, data: Let })
[TRACE] Entering Binary Or Expression
[INFO] token found: Ok(LexerOutput { meta: LexerMeta { raw_match: "let", index: 61, lineno: 2, colno: 15 }, data: Let })
[TRACE] Entering Xor Expression
[INFO] token found: Ok(LexerOutput { meta: LexerMeta { raw_match: "let", index: 61, lineno: 2, colno: 15 }, data: Let })
[TRACE] Entering Binary And Expression
[INFO] token found: Ok(LexerOutput { meta: LexerMeta { raw_match: "let", index: 61, lineno: 2, colno: 15 }, data: Let })
[TRACE] Entering Equality Expression
[INFO] token found: Ok(LexerOutput { meta: LexerMeta { raw_match: "let", index: 61, lineno: 2, colno: 15 }, data: Let })
[TRACE] Entering Relational Expression
[INFO] token found: Ok(LexerOutput { meta: LexerMeta { raw_match: "let", index: 61, lineno: 2, colno: 15 }, data: Let })
[TRACE] Entering Shift Expression
[INFO] token found: Ok(LexerOutput { meta: LexerMeta { raw_match: "let", index: 61, lineno: 2, colno: 15 }, data: Let })
[TRACE] Entering additive expression
[INFO] token found: Ok(LexerOutput { meta: LexerMeta { raw_match: "let", index: 61, lineno: 2, colno: 15 }, data: Let })
[TRACE] Entering multiplicative expression
[INFO] token found: Ok(LexerOutput { meta: LexerMeta { raw_match: "let", index: 61, lineno: 2, colno: 15 }, data: Let })
[INFO] token found: Ok(LexerOutput { meta: LexerMeta { raw_match: "let", index: 61, lineno: 2, colno: 15 }, data: Let })
[INFO] token found: Ok(LexerOutput { meta: LexerMeta { raw_match: "let", index: 61, lineno: 2, colno: 15 }, data: Let })
[TRACE] Error @ LexerError(DoesNotMatch(ErrorMeta { lineno: 2, colno: 15, display: "let" }))
[INFO] token found: Ok(LexerOutput { meta: LexerMeta { raw_match: "let", index: 61, lineno: 2, colno: 15 }, data: Let })
[TRACE] Entering Non Math Expression
[INFO] token found: Ok(LexerOutput { meta: LexerMeta { raw_match: "let", index: 61, lineno: 2, colno: 15 }, data: Let })
[TRACE] Entering base expression
[INFO] token found: Ok(LexerOutput { meta: LexerMeta { raw_match: "let", index: 61, lineno: 2, colno: 15 }, data: Let })
[INFO] token found: Ok(LexerOutput { meta: LexerMeta { raw_match: "let", index: 61, lineno: 2, colno: 15 }, data: Let })
[TRACE] Entering Ident
[INFO] token found: Ok(LexerOutput { meta: LexerMeta { raw_match: "let", index: 61, lineno: 2, colno: 15 }, data: Let })
[TRACE] Error @ LexerError(DoesNotMatch(ErrorMeta { lineno: 2, colno: 15, display: "let" }))
[INFO] token found: Ok(LexerOutput { meta: LexerMeta { raw_match: "let", index: 61, lineno: 2, colno: 15 }, data: Let })
[INFO] token found: Ok(LexerOutput { meta: LexerMeta { raw_match: "let", index: 61, lineno: 2, colno: 15 }, data: Let })
[INFO] token found: Ok(LexerOutput { meta: LexerMeta { raw_match: "let", index: 61, lineno: 2, colno: 15 }, data: Let })
[TRACE] Entered TypeDef
[INFO] token found: Ok(LexerOutput { meta: LexerMeta { raw_match: "let", index: 61, lineno: 2, colno: 15 }, data: Let })
[TRACE] entering Function
[INFO] token found: Ok(LexerOutput { meta: LexerMeta { raw_match: "let", index: 61, lineno: 2, colno: 15 }, data: Let })
[TRACE] Error @ LexerError(DoesNotMatch(ErrorMeta { lineno: 2, colno: 15, display: "let" }))
[INFO] token found: Ok(LexerOutput { meta: LexerMeta { raw_match: "let", index: 61, lineno: 2, colno: 15 }, data: Let })
[INFO] token found: Ok(LexerOutput { meta: LexerMeta { raw_match: "let", index: 61, lineno: 2, colno: 15 }, data: Let })
[TRACE] Error @ LexerError(DoesNotMatch(ErrorMeta { lineno: 2, colno: 15, display: "let" }))
[INFO] token found: Ok(LexerOutput { meta: LexerMeta { raw_match: "let", index: 61, lineno: 2, colno: 15 }, data: Let })
[INFO] token found: Ok(LexerOutput { meta: LexerMeta { raw_match: "let", index: 61, lineno: 2, colno: 15 }, data: Let })
[TRACE] Error @ LexerError(DoesNotMatch(ErrorMeta { lineno: 2, colno: 15, display: "let" }))
[INFO] token found: Ok(LexerOutput { meta: LexerMeta { raw_match: "let", index: 61, lineno: 2, colno: 15 }, data: Let })
[INFO] token found: Ok(LexerOutput { meta: LexerMeta { raw_match: "let", index: 61, lineno: 2, colno: 15 }, data: Let })
[TRACE] Error @ LexerError(DoesNotMatch(ErrorMeta { lineno: 2, colno: 15, display: "let" }))
[INFO] token found: Ok(LexerOutput { meta: LexerMeta { raw_match: "let", index: 61, lineno: 2, colno: 15 }, data: Let })
[TRACE] Entering Ident
[INFO] token found: Ok(LexerOutput { meta: LexerMeta { raw_match: "let", index: 61, lineno: 2, colno: 15 }, data: Let })
[TRACE] Error @ LexerError(DoesNotMatch(ErrorMeta { lineno: 2, colno: 15, display: "let" }))
[TRACE] Error @ LexerError(DoesNotMatch(ErrorMeta { lineno: 2, colno: 15, display: "let" }))
[TRACE] Error @ LexerError(DoesNotMatch(ErrorMeta { lineno: 2, colno: 15, display: "let" }))
[TRACE] Error @ LexerError(DoesNotMatch(ErrorMeta { lineno: 2, colno: 15, display: "let" }))
[TRACE] Error @ LexerError(DoesNotMatch(ErrorMeta { lineno: 2, colno: 15, display: "let" }))
[INFO] token found: Ok(LexerOutput { meta: LexerMeta { raw_match: "let", index: 61, lineno: 2, colno: 15 }, data: Let })
[INFO] token found: Ok(LexerOutput { meta: LexerMeta { raw_match: "let", index: 61, lineno: 2, colno: 15 }, data: Let })
[TRACE] Entering Statment
[INFO] token found: Ok(LexerOutput { meta: LexerMeta { raw_match: "let", index: 61, lineno: 2, colno: 15 }, data: Let })
[TRACE] Entered Assignment
[INFO] token found: Ok(LexerOutput { meta: LexerMeta { raw_match: "let", index: 61, lineno: 2, colno: 15 }, data: Let })
[INFO] token found: Ok(LexerOutput { meta: LexerMeta { raw_match: "let", index: 61, lineno: 2, colno: 15 }, data: Let })
[INFO] token found: Ok(LexerOutput { meta: LexerMeta { raw_match: "let", index: 61, lineno: 2, colno: 15 }, data: Let })
[INFO] token found: Ok(LexerOutput { meta: LexerMeta { raw_match: "x", index: 65, lineno: 2, colno: 17 }, data: Ident("x") })
[INFO] token found: Ok(LexerOutput { meta: LexerMeta { raw_match: "x", index: 65, lineno: 2, colno: 17 }, data: Ident("x") })
[INFO] token found: Ok(LexerOutput { meta: LexerMeta { raw_match: "x", index: 65, lineno: 2, colno: 17 }, data: Ident("x") })
[TRACE] Entering Ident Pair
[INFO] token found: Ok(LexerOutput { meta: LexerMeta { raw_match: "x", index: 65, lineno: 2, colno: 17 }, data: Ident("x") })
[TRACE] Entering Ident
[INFO] token found: Ok(LexerOutput { meta: LexerMeta { raw_match: "x", index: 65, lineno: 2, colno: 17 }, data: Ident("x") })
[INFO] token found: Ok(LexerOutput { meta: LexerMeta { raw_match: "=", index: 67, lineno: 2, colno: 19 }, data: Eq })
[TRACE] Error @ LexerError(DoesNotMatch(ErrorMeta { lineno: 2, colno: 19, display: "=" }))
[INFO] token found: Ok(LexerOutput { meta: LexerMeta { raw_match: "x", index: 65, lineno: 2, colno: 17 }, data: Ident("x") })
[TRACE] Entering Ident
[INFO] token found: Ok(LexerOutput { meta: LexerMeta { raw_match: "x", index: 65, lineno: 2, colno: 17 }, data: Ident("x") })
[INFO] token found: Ok(LexerOutput { meta: LexerMeta { raw_match: "=", index: 67, lineno: 2, colno: 19 }, data: Eq })
[INFO] token found: Ok(LexerOutput { meta: LexerMeta { raw_match: "2", index: 69, lineno: 2, colno: 21 }, data: IntLit("2") })
[TRACE] Entering Expression
[INFO] token found: Ok(LexerOutput { meta: LexerMeta { raw_match: "2", index: 69, lineno: 2, colno: 21 }, data: IntLit("2") })
[INFO] token found: Ok(LexerOutput { meta: LexerMeta { raw_match: "2", index: 69, lineno: 2, colno: 21 }, data: IntLit("2") })
[INFO] token found: Ok(LexerOutput { meta: LexerMeta { raw_match: "2", index: 69, lineno: 2, colno: 21 }, data: IntLit("2") })
[INFO] token found: Ok(LexerOutput { meta: LexerMeta { raw_match: "2", index: 69, lineno: 2, colno: 21 }, data: IntLit("2") })
[TRACE] Error @ LexerError(DoesNotMatch(ErrorMeta { lineno: 2, colno: 21, display: "2" }))
[INFO] token found: Ok(LexerOutput { meta: LexerMeta { raw_match: "2", index: 69, lineno: 2, colno: 21 }, data: IntLit("2") })
[TRACE] Entering Non Math Expression
[INFO] token found: Ok(LexerOutput { meta: LexerMeta { raw_match: "2", index: 69, lineno: 2, colno: 21 }, data: IntLit("2") })
[TRACE] Entering base expression
[INFO] token found: Ok(LexerOutput { meta: LexerMeta { raw_match: "2", index: 69, lineno: 2, colno: 21 }, data: IntLit("2") })
[INFO] token found: Ok(LexerOutput { meta: LexerMeta { raw_match: "2", index: 69, lineno: 2, colno: 21 }, data: IntLit("2") })
[TRACE] Entering Ident
[INFO] token found: Ok(LexerOutput { meta: LexerMeta { raw_match: "2", index: 69, lineno: 2, colno: 21 }, data: IntLit("2") })
[TRACE] Error @ LexerError(DoesNotMatch(ErrorMeta { lineno: 2, colno: 21, display: "2" }))
[INFO] token found: Ok(LexerOutput { meta: LexerMeta { raw_match: "2", index: 69, lineno: 2, colno: 21 }, data: IntLit("2") })
[INFO] token found: Ok(LexerOutput { meta: LexerMeta { raw_match: "2", index: 69, lineno: 2, colno: 21 }, data: IntLit("2") })
[INFO] token found: Ok(LexerOutput { meta: LexerMeta { raw_match: ";", index: 70, lineno: 2, colno: 22 }, data: SemiColon })
[INFO] token found: Ok(LexerOutput { meta: LexerMeta { raw_match: ";", index: 70, lineno: 2, colno: 22 }, data: SemiColon })
[INFO] token found: Ok(LexerOutput { meta: LexerMeta { raw_match: ";", index: 70, lineno: 2, colno: 22 }, data: SemiColon })
[INFO] token found: Ok(LexerOutput { meta: LexerMeta { raw_match: ";", index: 70, lineno: 2, colno: 22 }, data: SemiColon })
[INFO] token found: Ok(LexerOutput { meta: LexerMeta { raw_match: ";", index: 70, lineno: 2, colno: 22 }, data: SemiColon })
[TRACE] Error @ LexerError(DoesNotMatch(ErrorMeta { lineno: 2, colno: 22, display: ";" }))
[INFO] token found: Ok(LexerOutput { meta: LexerMeta { raw_match: "2", index: 69, lineno: 2, colno: 21 }, data: IntLit("2") })
[TRACE] Entering Logical Or Expression
[INFO] token found: Ok(LexerOutput { meta: LexerMeta { raw_match: "2", index: 69, lineno: 2, colno: 21 }, data: IntLit("2") })
[TRACE] Entering Logical And Expression
[INFO] token found: Ok(LexerOutput { meta: LexerMeta { raw_match: "2", index: 69, lineno: 2, colno: 21 }, data: IntLit("2") })
[TRACE] Entering Binary Or Expression
[INFO] token found: Ok(LexerOutput { meta: LexerMeta { raw_match: "2", index: 69, lineno: 2, colno: 21 }, data: IntLit("2") })
[TRACE] Entering Xor Expression
[INFO] token found: Ok(LexerOutput { meta: LexerMeta { raw_match: "2", index: 69, lineno: 2, colno: 21 }, data: IntLit("2") })
[TRACE] Entering Binary And Expression
[INFO] token found: Ok(LexerOutput { meta: LexerMeta { raw_match: "2", index: 69, lineno: 2, colno: 21 }, data: IntLit("2") })
[TRACE] Entering Equality Expression
[INFO] token found: Ok(LexerOutput { meta: LexerMeta { raw_match: "2", index: 69, lineno: 2, colno: 21 }, data: IntLit("2") })
[TRACE] Entering Relational Expression
[INFO] token found: Ok(LexerOutput { meta: LexerMeta { raw_match: "2", index: 69, lineno: 2, colno: 21 }, data: IntLit("2") })
[TRACE] Entering Shift Expression
[INFO] token found: Ok(LexerOutput { meta: LexerMeta { raw_match: "2", index: 69, lineno: 2, colno: 21 }, data: IntLit("2") })
[TRACE] Entering additive expression
[INFO] token found: Ok(LexerOutput { meta: LexerMeta { raw_match: "2", index: 69, lineno: 2, colno: 21 }, data: IntLit("2") })
[TRACE] Entering multiplicative expression
[INFO] token found: Ok(LexerOutput { meta: LexerMeta { raw_match: "2", index: 69, lineno: 2, colno: 21 }, data: IntLit("2") })
[INFO] token found: Ok(LexerOutput { meta: LexerMeta { raw_match: "2", index: 69, lineno: 2, colno: 21 }, data: IntLit("2") })
[INFO] token found: Ok(LexerOutput { meta: LexerMeta { raw_match: "2", index: 69, lineno: 2, colno: 21 }, data: IntLit("2") })
[TRACE] Error @ LexerError(DoesNotMatch(ErrorMeta { lineno: 2, colno: 21, display: "2" }))
[INFO] token found: Ok(LexerOutput { meta: LexerMeta { raw_match: "2", index: 69, lineno: 2, colno: 21 }, data: IntLit("2") })
[TRACE] Entering Non Math Expression
[INFO] token found: Ok(LexerOutput { meta: LexerMeta { raw_match: "2", index: 69, lineno: 2, colno: 21 }, data: IntLit("2") })
[TRACE] Entering base expression
[INFO] token found: Ok(LexerOutput { meta: LexerMeta { raw_match: "2", index: 69, lineno: 2, colno: 21 }, data: IntLit("2") })
[INFO] token found: Ok(LexerOutput { meta: LexerMeta { raw_match: "2", index: 69, lineno: 2, colno: 21 }, data: IntLit("2") })
[TRACE] Entering Ident
[INFO] token found: Ok(LexerOutput { meta: LexerMeta { raw_match: "2", index: 69, lineno: 2, colno: 21 }, data: IntLit("2") })
[TRACE] Error @ LexerError(DoesNotMatch(ErrorMeta { lineno: 2, colno: 21, display: "2" }))
[INFO] token found: Ok(LexerOutput { meta: LexerMeta { raw_match: "2", index: 69, lineno: 2, colno: 21 }, data: IntLit("2") })
[INFO] token found: Ok(LexerOutput { meta: LexerMeta { raw_match: "2", index: 69, lineno: 2, colno: 21 }, data: IntLit("2") })
[INFO] token found: Ok(LexerOutput { meta: LexerMeta { raw_match: ";", index: 70, lineno: 2, colno: 22 }, data: SemiColon })
[INFO] token found: Ok(LexerOutput { meta: LexerMeta { raw_match: ";", index: 70, lineno: 2, colno: 22 }, data: SemiColon })
[INFO] token found: Ok(LexerOutput { meta: LexerMeta { raw_match: ";", index: 70, lineno: 2, colno: 22 }, data: SemiColon })
[INFO] token found: Ok(LexerOutput { meta: LexerMeta { raw_match: ";", index: 70, lineno: 2, colno: 22 }, data: SemiColon })
[INFO] token found: Ok(LexerOutput { meta: LexerMeta { raw_match: ";", index: 70, lineno: 2, colno: 22 }, data: SemiColon })
[INFO] token found: Ok(LexerOutput { meta: LexerMeta { raw_match: ";", index: 70, lineno: 2, colno: 22 }, data: SemiColon })
[TRACE] Error @ LexerError(DoesNotMatch(ErrorMeta { lineno: 2, colno: 22, display: ";" }))
[INFO] token found: Ok(LexerOutput { meta: LexerMeta { raw_match: ";", index: 70, lineno: 2, colno: 22 }, data: SemiColon })
[INFO] token found: Ok(LexerOutput { meta: LexerMeta { raw_match: ";", index: 70, lineno: 2, colno: 22 }, data: SemiColon })
[INFO] token found: Ok(LexerOutput { meta: LexerMeta { raw_match: ";", index: 70, lineno: 2, colno: 22 }, data: SemiColon })
[INFO] token found: Ok(LexerOutput { meta: LexerMeta { raw_match: ";", index: 70, lineno: 2, colno: 22 }, data: SemiColon })
[TRACE] Error @ LexerError(DoesNotMatch(ErrorMeta { lineno: 2, colno: 22, display: ";" }))
[INFO] token found: Ok(LexerOutput { meta: LexerMeta { raw_match: ";", index: 70, lineno: 2, colno: 22 }, data: SemiColon })
[INFO] token found: Ok(LexerOutput { meta: LexerMeta { raw_match: ";", index: 70, lineno: 2, colno: 22 }, data: SemiColon })
[INFO] token found: Ok(LexerOutput { meta: LexerMeta { raw_match: ";", index: 70, lineno: 2, colno: 22 }, data: SemiColon })
[INFO] token found: Ok(LexerOutput { meta: LexerMeta { raw_match: ";", index: 70, lineno: 2, colno: 22 }, data: SemiColon })
[TRACE] Error @ LexerError(DoesNotMatch(ErrorMeta { lineno: 2, colno: 22, display: ";" }))
[INFO] token found: Ok(LexerOutput { meta: LexerMeta { raw_match: ";", index: 70, lineno: 2, colno: 22 }, data: SemiColon })
[INFO] token found: Ok(LexerOutput { meta: LexerMeta { raw_match: ";", index: 70, lineno: 2, colno: 22 }, data: SemiColon })
[INFO] token found: Ok(LexerOutput { meta: LexerMeta { raw_match: ";", index: 70, lineno: 2, colno: 22 }, data: SemiColon })
[INFO] token found: Ok(LexerOutput { meta: LexerMeta { raw_match: ";", index: 70, lineno: 2, colno: 22 }, data: SemiColon })
[TRACE] Error @ LexerError(DoesNotMatch(ErrorMeta { lineno: 2, colno: 22, display: ";" }))
[INFO] token found: Ok(LexerOutput { meta: LexerMeta { raw_match: ";", index: 70, lineno: 2, colno: 22 }, data: SemiColon })
[INFO] token found: Ok(LexerOutput { meta: LexerMeta { raw_match: ";", index: 70, lineno: 2, colno: 22 }, data: SemiColon })
[INFO] token found: Ok(LexerOutput { meta: LexerMeta { raw_match: ";", index: 70, lineno: 2, colno: 22 }, data: SemiColon })
[INFO] token found: Ok(LexerOutput { meta: LexerMeta { raw_match: ";", index: 70, lineno: 2, colno: 22 }, data: SemiColon })
[TRACE] Error @ LexerError(DoesNotMatch(ErrorMeta { lineno: 2, colno: 22, display: ";" }))
[INFO] token found: Ok(LexerOutput { meta: LexerMeta { raw_match: ";", index: 70, lineno: 2, colno: 22 }, data: SemiColon })
[INFO] token found: Ok(LexerOutput { meta: LexerMeta { raw_match: ";", index: 70, lineno: 2, colno: 22 }, data: SemiColon })
[INFO] token found: Ok(LexerOutput { meta: LexerMeta { raw_match: ";", index: 70, lineno: 2, colno: 22 }, data: SemiColon })
[INFO] token found: Ok(LexerOutput { meta: LexerMeta { raw_match: ";", index: 70, lineno: 2, colno: 22 }, data: SemiColon })
[TRACE] Error @ LexerError(DoesNotMatch(ErrorMeta { lineno: 2, colno: 22, display: ";" }))
[INFO] token found: Ok(LexerOutput { meta: LexerMeta { raw_match: ";", index: 70, lineno: 2, colno: 22 }, data: SemiColon })
[INFO] token found: Ok(LexerOutput { meta: LexerMeta { raw_match: ";", index: 70, lineno: 2, colno: 22 }, data: SemiColon })
[INFO] token found: Ok(LexerOutput { meta: LexerMeta { raw_match: ";", index: 70, lineno: 2, colno: 22 }, data: SemiColon })
[INFO] token found: Ok(LexerOutput { meta: LexerMeta { raw_match: ";", index: 70, lineno: 2, colno: 22 }, data: SemiColon })
[TRACE] Error @ LexerError(DoesNotMatch(ErrorMeta { lineno: 2, colno: 22, display: ";" }))
[INFO] token found: Ok(LexerOutput { meta: LexerMeta { raw_match: ";", index: 70, lineno: 2, colno: 22 }, data: SemiColon })
[INFO] token found: Ok(LexerOutput { meta: LexerMeta { raw_match: ";", index: 70, lineno: 2, colno: 22 }, data: SemiColon })
[INFO] token found: Ok(LexerOutput { meta: LexerMeta { raw_match: ";", index: 70, lineno: 2, colno: 22 }, data: SemiColon })
[INFO] token found: Ok(LexerOutput { meta: LexerMeta { raw_match: ";", index: 70, lineno: 2, colno: 22 }, data: SemiColon })
[TRACE] Error @ LexerError(DoesNotMatch(ErrorMeta { lineno: 2, colno: 22, display: ";" }))
[INFO] token found: Ok(LexerOutput { meta: LexerMeta { raw_match: ";", index: 70, lineno: 2, colno: 22 }, data: SemiColon })
[INFO] token found: Ok(LexerOutput { meta: LexerMeta { raw_match: ";", index: 70, lineno: 2, colno: 22 }, data: SemiColon })
[INFO] token found: Ok(LexerOutput { meta: LexerMeta { raw_match: ";", index: 70, lineno: 2, colno: 22 }, data: SemiColon })
[INFO] token found: Ok(LexerOutput { meta: LexerMeta { raw_match: ";", index: 70, lineno: 2, colno: 22 }, data: SemiColon })
[TRACE] Error @ LexerError(DoesNotMatch(ErrorMeta { lineno: 2, colno: 22, display: ";" }))
[INFO] token found: Ok(LexerOutput { meta: LexerMeta { raw_match: ";", index: 70, lineno: 2, colno: 22 }, data: SemiColon })
[INFO] token found: Ok(LexerOutput { meta: LexerMeta { raw_match: ";", index: 70, lineno: 2, colno: 22 }, data: SemiColon })
[INFO] token found: Ok(LexerOutput { meta: LexerMeta { raw_match: ";", index: 70, lineno: 2, colno: 22 }, data: SemiColon })
[INFO] token found: Ok(LexerOutput { meta: LexerMeta { raw_match: ";", index: 70, lineno: 2, colno: 22 }, data: SemiColon })
[TRACE] Error @ LexerError(DoesNotMatch(ErrorMeta { lineno: 2, colno: 22, display: ";" }))
[TRACE] Error @ Other
[INFO] token found: Ok(LexerOutput { meta: LexerMeta { raw_match: "let", index: 61, lineno: 2, colno: 15 }, data: Let })
[TRACE] Entering Expression
[INFO] token found: Ok(LexerOutput { meta: LexerMeta { raw_match: "let", index: 61, lineno: 2, colno: 15 }, data: Let })
[INFO] token found: Ok(LexerOutput { meta: LexerMeta { raw_match: "let", index: 61, lineno: 2, colno: 15 }, data: Let })
[INFO] token found: Ok(LexerOutput { meta: LexerMeta { raw_match: "let", index: 61, lineno: 2, colno: 15 }, data: Let })
[INFO] token found: Ok(LexerOutput { meta: LexerMeta { raw_match: "let", index: 61, lineno: 2, colno: 15 }, data: Let })
[TRACE] Error @ LexerError(DoesNotMatch(ErrorMeta { lineno: 2, colno: 15, display: "let" }))
[INFO] token found: Ok(LexerOutput { meta: LexerMeta { raw_match: "let", index: 61, lineno: 2, colno: 15 }, data: Let })
[TRACE] Entering Non Math Expression
[INFO] token found: Ok(LexerOutput { meta: LexerMeta { raw_match: "let", index: 61, lineno: 2, colno: 15 }, data: Let })
[TRACE] Entering base expression
[INFO] token found: Ok(LexerOutput { meta: LexerMeta { raw_match: "let", index: 61, lineno: 2, colno: 15 }, data: Let })
[INFO] token found: Ok(LexerOutput { meta: LexerMeta { raw_match: "let", index: 61, lineno: 2, colno: 15 }, data: Let })
[TRACE] Entering Ident
[INFO] token found: Ok(LexerOutput { meta: LexerMeta { raw_match: "let", index: 61, lineno: 2, colno: 15 }, data: Let })
[TRACE] Error @ LexerError(DoesNotMatch(ErrorMeta { lineno: 2, colno: 15, display: "let" }))
[INFO] token found: Ok(LexerOutput { meta: LexerMeta { raw_match: "let", index: 61, lineno: 2, colno: 15 }, data: Let })
[INFO] token found: Ok(LexerOutput { meta: LexerMeta { raw_match: "let", index: 61, lineno: 2, colno: 15 }, data: Let })
[INFO] token found: Ok(LexerOutput { meta: LexerMeta { raw_match: "let", index: 61, lineno: 2, colno: 15 }, data: Let })
[TRACE] Entered TypeDef
[INFO] token found: Ok(LexerOutput { meta: LexerMeta { raw_match: "let", index: 61, lineno: 2, colno: 15 }, data: Let })
[TRACE] entering Function
[INFO] token found: Ok(LexerOutput { meta: LexerMeta { raw_match: "let", index: 61, lineno: 2, colno: 15 }, data: Let })
[TRACE] Error @ LexerError(DoesNotMatch(ErrorMeta { lineno: 2, colno: 15, display: "let" }))
[INFO] token found: Ok(LexerOutput { meta: LexerMeta { raw_match: "let", index: 61, lineno: 2, colno: 15 }, data: Let })
[INFO] token found: Ok(LexerOutput { meta: LexerMeta { raw_match: "let", index: 61, lineno: 2, colno: 15 }, data: Let })
[TRACE] Error @ LexerError(DoesNotMatch(ErrorMeta { lineno: 2, colno: 15, display: "let" }))
[INFO] token found: Ok(LexerOutput { meta: LexerMeta { raw_match: "let", index: 61, lineno: 2, colno: 15 }, data: Let })
[INFO] token found: Ok(LexerOutput { meta: LexerMeta { raw_match: "let", index: 61, lineno: 2, colno: 15 }, data: Let })
[TRACE] Error @ LexerError(DoesNotMatch(ErrorMeta { lineno: 2, colno: 15, display: "let" }))
[INFO] token found: Ok(LexerOutput { meta: LexerMeta { raw_match: "let", index: 61, lineno: 2, colno: 15 }, data: Let })
[INFO] token found: Ok(LexerOutput { meta: LexerMeta { raw_match: "let", index: 61, lineno: 2, colno: 15 }, data: Let })
[TRACE] Error @ LexerError(DoesNotMatch(ErrorMeta { lineno: 2, colno: 15, display: "let" }))
[INFO] token found: Ok(LexerOutput { meta: LexerMeta { raw_match: "let", index: 61, lineno: 2, colno: 15 }, data: Let })
[TRACE] Entering Ident
[INFO] token found: Ok(LexerOutput { meta: LexerMeta { raw_match: "let", index: 61, lineno: 2, colno: 15 }, data: Let })
[TRACE] Error @ LexerError(DoesNotMatch(ErrorMeta { lineno: 2, colno: 15, display: "let" }))
[TRACE] Error @ LexerError(DoesNotMatch(ErrorMeta { lineno: 2, colno: 15, display: "let" }))
[TRACE] Error @ LexerError(DoesNotMatch(ErrorMeta { lineno: 2, colno: 15, display: "let" }))
[INFO] token found: Ok(LexerOutput { meta: LexerMeta { raw_match: "let", index: 61, lineno: 2, colno: 15 }, data: Let })
[TRACE] Entering Logical Or Expression
[INFO] token found: Ok(LexerOutput { meta: LexerMeta { raw_match: "let", index: 61, lineno: 2, colno: 15 }, data: Let })
[TRACE] Entering Logical And Expression
[INFO] token found: Ok(LexerOutput { meta: LexerMeta { raw_match: "let", index: 61, lineno: 2, colno: 15 }, data: Let })
[TRACE] Entering Binary Or Expression
[INFO] token found: Ok(LexerOutput { meta: LexerMeta { raw_match: "let", index: 61, lineno: 2, colno: 15 }, data: Let })
[TRACE] Entering Xor Expression
[INFO] token found: Ok(LexerOutput { meta: LexerMeta { raw_match: "let", index: 61, lineno: 2, colno: 15 }, data: Let })
[TRACE] Entering Binary And Expression
[INFO] token found: Ok(LexerOutput { meta: LexerMeta { raw_match: "let", index: 61, lineno: 2, colno: 15 }, data: Let })
[TRACE] Entering Equality Expression
[INFO] token found: Ok(LexerOutput { meta: LexerMeta { raw_match: "let", index: 61, lineno: 2, colno: 15 }, data: Let })
[TRACE] Entering Relational Expression
[INFO] token found: Ok(LexerOutput { meta: LexerMeta { raw_match: "let", index: 61, lineno: 2, colno: 15 }, data: Let })
[TRACE] Entering Shift Expression
[INFO] token found: Ok(LexerOutput { meta: LexerMeta { raw_match: "let", index: 61, lineno: 2, colno: 15 }, data: Let })
[TRACE] Entering additive expression
[INFO] token found: Ok(LexerOutput { meta: LexerMeta { raw_match: "let", index: 61, lineno: 2, colno: 15 }, data: Let })
[TRACE] Entering multiplicative expression
[INFO] token found: Ok(LexerOutput { meta: LexerMeta { raw_match: "let", index: 61, lineno: 2, colno: 15 }, data: Let })
[INFO] token found: Ok(LexerOutput { meta: LexerMeta { raw_match: "let", index: 61, lineno: 2, colno: 15 }, data: Let })
[INFO] token found: Ok(LexerOutput { meta: LexerMeta { raw_match: "let", index: 61, lineno: 2, colno: 15 }, data: Let })
[TRACE] Error @ LexerError(DoesNotMatch(ErrorMeta { lineno: 2, colno: 15, display: "let" }))
[INFO] token found: Ok(LexerOutput { meta: LexerMeta { raw_match: "let", index: 61, lineno: 2, colno: 15 }, data: Let })
[TRACE] Entering Non Math Expression
[INFO] token found: Ok(LexerOutput { meta: LexerMeta { raw_match: "let", index: 61, lineno: 2, colno: 15 }, data: Let })
[TRACE] Entering base expression
[INFO] token found: Ok(LexerOutput { meta: LexerMeta { raw_match: "let", index: 61, lineno: 2, colno: 15 }, data: Let })
[INFO] token found: Ok(LexerOutput { meta: LexerMeta { raw_match: "let", index: 61, lineno: 2, colno: 15 }, data: Let })
[TRACE] Entering Ident
[INFO] token found: Ok(LexerOutput { meta: LexerMeta { raw_match: "let", index: 61, lineno: 2, colno: 15 }, data: Let })
[TRACE] Error @ LexerError(DoesNotMatch(ErrorMeta { lineno: 2, colno: 15, display: "let" }))
[INFO] token found: Ok(LexerOutput { meta: LexerMeta { raw_match: "let", index: 61, lineno: 2, colno: 15 }, data: Let })
[INFO] token found: Ok(LexerOutput { meta: LexerMeta { raw_match: "let", index: 61, lineno: 2, colno: 15 }, data: Let })
[INFO] token found: Ok(LexerOutput { meta: LexerMeta { raw_match: "let", index: 61, lineno: 2, colno: 15 }, data: Let })
[TRACE] Entered TypeDef
[INFO] token found: Ok(LexerOutput { meta: LexerMeta { raw_match: "let", index: 61, lineno: 2, colno: 15 }, data: Let })
[TRACE] entering Function
[INFO] token found: Ok(LexerOutput { meta: LexerMeta { raw_match: "let", index: 61, lineno: 2, colno: 15 }, data: Let })
[TRACE] Error @ LexerError(DoesNotMatch(ErrorMeta { lineno: 2, colno: 15, display: "let" }))
[INFO] token found: Ok(LexerOutput { meta: LexerMeta { raw_match: "let", index: 61, lineno: 2, colno: 15 }, data: Let })
[INFO] token found: Ok(LexerOutput { meta: LexerMeta { raw_match: "let", index: 61, lineno: 2, colno: 15 }, data: Let })
[TRACE] Error @ LexerError(DoesNotMatch(ErrorMeta { lineno: 2, colno: 15, display: "let" }))
[INFO] token found: Ok(LexerOutput { meta: LexerMeta { raw_match: "let", index: 61, lineno: 2, colno: 15 }, data: Let })
[INFO] token found: Ok(LexerOutput { meta: LexerMeta { raw_match: "let", index: 61, lineno: 2, colno: 15 }, data: Let })
[TRACE] Error @ LexerError(DoesNotMatch(ErrorMeta { lineno: 2, colno: 15, display: "let" }))
[INFO] token found: Ok(LexerOutput { meta: LexerMeta { raw_match: "let", index: 61, lineno: 2, colno: 15 }, data: Let })
[INFO] token found: Ok(LexerOutput { meta: LexerMeta { raw_match: "let", index: 61, lineno: 2, colno: 15 }, data: Let })
[TRACE] Error @ LexerError(DoesNotMatch(ErrorMeta { lineno: 2, colno: 15, display: "let" }))
[INFO] token found: Ok(LexerOutput { meta: LexerMeta { raw_match: "let", index: 61, lineno: 2, colno: 15 }, data: Let })
[TRACE] Entering Ident
[INFO] token found: Ok(LexerOutput { meta: LexerMeta { raw_match: "let", index: 61, lineno: 2, colno: 15 }, data: Let })
[TRACE] Error @ LexerError(DoesNotMatch(ErrorMeta { lineno: 2, colno: 15, display: "let" }))
[TRACE] Error @ LexerError(DoesNotMatch(ErrorMeta { lineno: 2, colno: 15, display: "let" }))
[TRACE] Error @ LexerError(DoesNotMatch(ErrorMeta { lineno: 2, colno: 15, display: "let" }))
[TRACE] Error @ LexerError(DoesNotMatch(ErrorMeta { lineno: 2, colno: 15, display: "let" }))
[TRACE] Error @ LexerError(DoesNotMatch(ErrorMeta { lineno: 2, colno: 15, display: "let" }))
[INFO] token found: Ok(LexerOutput { meta: LexerMeta { raw_match: "let", index: 61, lineno: 2, colno: 15 }, data: Let })
[TRACE] Error @ LexerError(DoesNotMatch(ErrorMeta { lineno: 2, colno: 15, display: "let" }))
[INFO] token found: Ok(LexerOutput { meta: LexerMeta { raw_match: "fn", index: 21, lineno: 1, colno: 22 }, data: Fn })
[INFO] token found: Ok(LexerOutput { meta: LexerMeta { raw_match: "fn", index: 21, lineno: 1, colno: 22 }, data: Fn })
[TRACE] Error @ LexerError(DoesNotMatch(ErrorMeta { lineno: 1, colno: 22, display: "fn" }))
[INFO] token found: Ok(LexerOutput { meta: LexerMeta { raw_match: "fn", index: 21, lineno: 1, colno: 22 }, data: Fn })
[INFO] token found: Ok(LexerOutput { meta: LexerMeta { raw_match: "fn", index: 21, lineno: 1, colno: 22 }, data: Fn })
[TRACE] Error @ LexerError(DoesNotMatch(ErrorMeta { lineno: 1, colno: 22, display: "fn" }))
[INFO] token found: Ok(LexerOutput { meta: LexerMeta { raw_match: "fn", index: 21, lineno: 1, colno: 22 }, data: Fn })
[INFO] token found: Ok(LexerOutput { meta: LexerMeta { raw_match: "fn", index: 21, lineno: 1, colno: 22 }, data: Fn })
[TRACE] Error @ LexerError(DoesNotMatch(ErrorMeta { lineno: 1, colno: 22, display: "fn" }))
[INFO] token found: Ok(LexerOutput { meta: LexerMeta { raw_match: "fn", index: 21, lineno: 1, colno: 22 }, data: Fn })
[TRACE] Entering Ident
[INFO] token found: Ok(LexerOutput { meta: LexerMeta { raw_match: "fn", index: 21, lineno: 1, colno: 22 }, data: Fn })
[TRACE] Error @ LexerError(DoesNotMatch(ErrorMeta { lineno: 1, colno: 22, display: "fn" }))
[TRACE] Error @ LexerError(DoesNotMatch(ErrorMeta { lineno: 1, colno: 22, display: "fn" }))
[TRACE] Error @ LexerError(DoesNotMatch(ErrorMeta { lineno: 1, colno: 22, display: "fn" }))
[INFO] token found: Ok(LexerOutput { meta: LexerMeta { raw_match: "fn", index: 21, lineno: 1, colno: 22 }, data: Fn })
[TRACE] Entering Logical Or Expression
[INFO] token found: Ok(LexerOutput { meta: LexerMeta { raw_match: "fn", index: 21, lineno: 1, colno: 22 }, data: Fn })
[TRACE] Entering Logical And Expression
[INFO] token found: Ok(LexerOutput { meta: LexerMeta { raw_match: "fn", index: 21, lineno: 1, colno: 22 }, data: Fn })
[TRACE] Entering Binary Or Expression
[INFO] token found: Ok(LexerOutput { meta: LexerMeta { raw_match: "fn", index: 21, lineno: 1, colno: 22 }, data: Fn })
[TRACE] Entering Xor Expression
[INFO] token found: Ok(LexerOutput { meta: LexerMeta { raw_match: "fn", index: 21, lineno: 1, colno: 22 }, data: Fn })
[TRACE] Entering Binary And Expression
[INFO] token found: Ok(LexerOutput { meta: LexerMeta { raw_match: "fn", index: 21, lineno: 1, colno: 22 }, data: Fn })
[TRACE] Entering Equality Expression
[INFO] token found: Ok(LexerOutput { meta: LexerMeta { raw_match: "fn", index: 21, lineno: 1, colno: 22 }, data: Fn })
[TRACE] Entering Relational Expression
[INFO] token found: Ok(LexerOutput { meta: LexerMeta { raw_match: "fn", index: 21, lineno: 1, colno: 22 }, data: Fn })
[TRACE] Entering Shift Expression
[INFO] token found: Ok(LexerOutput { meta: LexerMeta { raw_match: "fn", index: 21, lineno: 1, colno: 22 }, data: Fn })
[TRACE] Entering additive expression
[INFO] token found: Ok(LexerOutput { meta: LexerMeta { raw_match: "fn", index: 21, lineno: 1, colno: 22 }, data: Fn })
[TRACE] Entering multiplicative expression
[INFO] token found: Ok(LexerOutput { meta: LexerMeta { raw_match: "fn", index: 21, lineno: 1, colno: 22 }, data: Fn })
[INFO] token found: Ok(LexerOutput { meta: LexerMeta { raw_match: "fn", index: 21, lineno: 1, colno: 22 }, data: Fn })
[INFO] token found: Ok(LexerOutput { meta: LexerMeta { raw_match: "fn", index: 21, lineno: 1, colno: 22 }, data: Fn })
[TRACE] Error @ LexerError(DoesNotMatch(ErrorMeta { lineno: 1, colno: 22, display: "fn" }))
[INFO] token found: Ok(LexerOutput { meta: LexerMeta { raw_match: "fn", index: 21, lineno: 1, colno: 22 }, data: Fn })
[TRACE] Entering Non Math Expression
[INFO] token found: Ok(LexerOutput { meta: LexerMeta { raw_match: "fn", index: 21, lineno: 1, colno: 22 }, data: Fn })
[TRACE] Entering base expression
[INFO] token found: Ok(LexerOutput { meta: LexerMeta { raw_match: "fn", index: 21, lineno: 1, colno: 22 }, data: Fn })
[INFO] token found: Ok(LexerOutput { meta: LexerMeta { raw_match: "fn", index: 21, lineno: 1, colno: 22 }, data: Fn })
[TRACE] Entering Ident
[INFO] token found: Ok(LexerOutput { meta: LexerMeta { raw_match: "fn", index: 21, lineno: 1, colno: 22 }, data: Fn })
[TRACE] Error @ LexerError(DoesNotMatch(ErrorMeta { lineno: 1, colno: 22, display: "fn" }))
[INFO] token found: Ok(LexerOutput { meta: LexerMeta { raw_match: "fn", index: 21, lineno: 1, colno: 22 }, data: Fn })
[INFO] token found: Ok(LexerOutput { meta: LexerMeta { raw_match: "fn", index: 21, lineno: 1, colno: 22 }, data: Fn })
[INFO] token found: Ok(LexerOutput { meta: LexerMeta { raw_match: "fn", index: 21, lineno: 1, colno: 22 }, data: Fn })
[TRACE] Entered TypeDef
[INFO] token found: Ok(LexerOutput { meta: LexerMeta { raw_match: "fn", index: 21, lineno: 1, colno: 22 }, data: Fn })
[TRACE] entering Function
[INFO] token found: Ok(LexerOutput { meta: LexerMeta { raw_match: "fn", index: 21, lineno: 1, colno: 22 }, data: Fn })
[INFO] token found: Ok(LexerOutput { meta: LexerMeta { raw_match: "(", index: 24, lineno: 1, colno: 24 }, data: OParen })
[INFO] token found: Ok(LexerOutput { meta: LexerMeta { raw_match: "a", index: 25, lineno: 1, colno: 25 }, data: Ident("a") })
[INFO] token found: Ok(LexerOutput { meta: LexerMeta { raw_match: "a", index: 25, lineno: 1, colno: 25 }, data: Ident("a") })
[TRACE] Entering Ident Pair
[INFO] token found: Ok(LexerOutput { meta: LexerMeta { raw_match: "a", index: 25, lineno: 1, colno: 25 }, data: Ident("a") })
[TRACE] Entering Ident
[INFO] token found: Ok(LexerOutput { meta: LexerMeta { raw_match: "a", index: 25, lineno: 1, colno: 25 }, data: Ident("a") })
[INFO] token found: Ok(LexerOutput { meta: LexerMeta { raw_match: ":", index: 26, lineno: 1, colno: 26 }, data: Colon })
[INFO] token found: Ok(LexerOutput { meta: LexerMeta { raw_match: "b", index: 27, lineno: 1, colno: 27 }, data: Ident("b") })
[TRACE] Entering Ident
[INFO] token found: Ok(LexerOutput { meta: LexerMeta { raw_match: "b", index: 27, lineno: 1, colno: 27 }, data: Ident("b") })
[INFO] token found: Ok(LexerOutput { meta: LexerMeta { raw_match: ",", index: 28, lineno: 1, colno: 28 }, data: Comma })
[INFO] token found: Ok(LexerOutput { meta: LexerMeta { raw_match: "c", index: 30, lineno: 1, colno: 30 }, data: Ident("c") })
[INFO] token found: Ok(LexerOutput { meta: LexerMeta { raw_match: "c", index: 30, lineno: 1, colno: 30 }, data: Ident("c") })
[TRACE] Entering Ident Pair
[INFO] token found: Ok(LexerOutput { meta: LexerMeta { raw_match: "c", index: 30, lineno: 1, colno: 30 }, data: Ident("c") })
[TRACE] Entering Ident
[INFO] token found: Ok(LexerOutput { meta: LexerMeta { raw_match: "c", index: 30, lineno: 1, colno: 30 }, data: Ident("c") })
[INFO] token found: Ok(LexerOutput { meta: LexerMeta { raw_match: ":", index: 31, lineno: 1, colno: 31 }, data: Colon })
[INFO] token found: Ok(LexerOutput { meta: LexerMeta { raw_match: "d", index: 32, lineno: 1, colno: 32 }, data: Ident("d") })
[TRACE] Entering Ident
[INFO] token found: Ok(LexerOutput { meta: LexerMeta { raw_match: "d", index: 32, lineno: 1, colno: 32 }, data: Ident("d") })
[INFO] token found: Ok(LexerOutput { meta: LexerMeta { raw_match: ",", index: 33, lineno: 1, colno: 33 }, data: Comma })
[INFO] token found: Ok(LexerOutput { meta: LexerMeta { raw_match: "d", index: 35, lineno: 1, colno: 35 }, data: Ident("d") })
[INFO] token found: Ok(LexerOutput { meta: LexerMeta { raw_match: "d", index: 35, lineno: 1, colno: 35 }, data: Ident("d") })
[TRACE] Entering Ident Pair
[INFO] token found: Ok(LexerOutput { meta: LexerMeta { raw_match: "d", index: 35, lineno: 1, colno: 35 }, data: Ident("d") })
[TRACE] Entering Ident
[INFO] token found: Ok(LexerOutput { meta: LexerMeta { raw_match: "d", index: 35, lineno: 1, colno: 35 }, data: Ident("d") })
[INFO] token found: Ok(LexerOutput { meta: LexerMeta { raw_match: ":", index: 36, lineno: 1, colno: 36 }, data: Colon })
[INFO] token found: Ok(LexerOutput { meta: LexerMeta { raw_match: "f", index: 37, lineno: 1, colno: 37 }, data: Ident("f") })
[TRACE] Entering Ident
[INFO] token found: Ok(LexerOutput { meta: LexerMeta { raw_match: "f", index: 37, lineno: 1, colno: 37 }, data: Ident("f") })
[INFO] token found: Ok(LexerOutput { meta: LexerMeta { raw_match: ")", index: 38, lineno: 1, colno: 38 }, data: CParen })
[INFO] token found: Ok(LexerOutput { meta: LexerMeta { raw_match: ")", index: 38, lineno: 1, colno: 38 }, data: CParen })
[INFO] token found: Ok(LexerOutput { meta: LexerMeta { raw_match: ")", index: 38, lineno: 1, colno: 38 }, data: CParen })
[TRACE] Entering Ident Pair
[INFO] token found: Ok(LexerOutput { meta: LexerMeta { raw_match: ")", index: 38, lineno: 1, colno: 38 }, data: CParen })
[TRACE] Entering Ident
[INFO] token found: Ok(LexerOutput { meta: LexerMeta { raw_match: ")", index: 38, lineno: 1, colno: 38 }, data: CParen })
[TRACE] Error @ LexerError(DoesNotMatch(ErrorMeta { lineno: 1, colno: 38, display: ")" }))
[TRACE] Error @ LexerError(DoesNotMatch(ErrorMeta { lineno: 1, colno: 38, display: ")" }))
[INFO] token found: Ok(LexerOutput { meta: LexerMeta { raw_match: ")", index: 38, lineno: 1, colno: 38 }, data: CParen })
[INFO] token found: Ok(LexerOutput { meta: LexerMeta { raw_match: "->", index: 40, lineno: 1, colno: 41 }, data: SkinnyArrow })
[INFO] token found: Ok(LexerOutput { meta: LexerMeta { raw_match: "foo", index: 43, lineno: 1, colno: 45 }, data: Ident("foo") })
[TRACE] Entering Ident
[INFO] token found: Ok(LexerOutput { meta: LexerMeta { raw_match: "foo", index: 43, lineno: 1, colno: 45 }, data: Ident("foo") })
[INFO] token found: Ok(LexerOutput { meta: LexerMeta { raw_match: "{", index: 47, lineno: 1, colno: 47 }, data: OCBracket })
[INFO] token found: Ok(LexerOutput { meta: LexerMeta { raw_match: "let", index: 61, lineno: 2, colno: 15 }, data: Let })
[INFO] token found: Ok(LexerOutput { meta: LexerMeta { raw_match: "let", index: 61, lineno: 2, colno: 15 }, data: Let })
[TRACE] Entering Statment
[INFO] token found: Ok(LexerOutput { meta: LexerMeta { raw_match: "let", index: 61, lineno: 2, colno: 15 }, data: Let })
[TRACE] Entered Assignment
[INFO] token found: Ok(LexerOutput { meta: LexerMeta { raw_match: "let", index: 61, lineno: 2, colno: 15 }, data: Let })
[INFO] token found: Ok(LexerOutput { meta: LexerMeta { raw_match: "let", index: 61, lineno: 2, colno: 15 }, data: Let })
[INFO] token found: Ok(LexerOutput { meta: LexerMeta { raw_match: "let", index: 61, lineno: 2, colno: 15 }, data: Let })
[INFO] token found: Ok(LexerOutput { meta: LexerMeta { raw_match: "x", index: 65, lineno: 2, colno: 17 }, data: Ident("x") })
[INFO] token found: Ok(LexerOutput { meta: LexerMeta { raw_match: "x", index: 65, lineno: 2, colno: 17 }, data: Ident("x") })
[INFO] token found: Ok(LexerOutput { meta: LexerMeta { raw_match: "x", index: 65, lineno: 2, colno: 17 }, data: Ident("x") })
[TRACE] Entering Ident Pair
[INFO] token found: Ok(LexerOutput { meta: LexerMeta { raw_match: "x", index: 65, lineno: 2, colno: 17 }, data: Ident("x") })
[TRACE] Entering Ident
[INFO] token found: Ok(LexerOutput { meta: LexerMeta { raw_match: "x", index: 65, lineno: 2, colno: 17 }, data: Ident("x") })
[INFO] token found: Ok(LexerOutput { meta: LexerMeta { raw_match: "=", index: 67, lineno: 2, colno: 19 }, data: Eq })
[TRACE] Error @ LexerError(DoesNotMatch(ErrorMeta { lineno: 2, colno: 19, display: "=" }))
[INFO] token found: Ok(LexerOutput { meta: LexerMeta { raw_match: "x", index: 65, lineno: 2, colno: 17 }, data: Ident("x") })
[TRACE] Entering Ident
[INFO] token found: Ok(LexerOutput { meta: LexerMeta { raw_match: "x", index: 65, lineno: 2, colno: 17 }, data: Ident("x") })
[INFO] token found: Ok(LexerOutput { meta: LexerMeta { raw_match: "=", index: 67, lineno: 2, colno: 19 }, data: Eq })
[INFO] token found: Ok(LexerOutput { meta: LexerMeta { raw_match: "2", index: 69, lineno: 2, colno: 21 }, data: IntLit("2") })
[TRACE] Entering Expression
[INFO] token found: Ok(LexerOutput { meta: LexerMeta { raw_match: "2", index: 69, lineno: 2, colno: 21 }, data: IntLit("2") })
[INFO] token found: Ok(LexerOutput { meta: LexerMeta { raw_match: "2", index: 69, lineno: 2, colno: 21 }, data: IntLit("2") })
[INFO] token found: Ok(LexerOutput { meta: LexerMeta { raw_match: "2", index: 69, lineno: 2, colno: 21 }, data: IntLit("2") })
[INFO] token found: Ok(LexerOutput { meta: LexerMeta { raw_match: "2", index: 69, lineno: 2, colno: 21 }, data: IntLit("2") })
[TRACE] Error @ LexerError(DoesNotMatch(ErrorMeta { lineno: 2, colno: 21, display: "2" }))
[INFO] token found: Ok(LexerOutput { meta: LexerMeta { raw_match: "2", index: 69, lineno: 2, colno: 21 }, data: IntLit("2") })
[TRACE] Entering Non Math Expression
[INFO] token found: Ok(LexerOutput { meta: LexerMeta { raw_match: "2", index: 69, lineno: 2, colno: 21 }, data: IntLit("2") })
[TRACE] Entering base expression
[INFO] token found: Ok(LexerOutput { meta: LexerMeta { raw_match: "2", index: 69, lineno: 2, colno: 21 }, data: IntLit("2") })
[INFO] token found: Ok(LexerOutput { meta: LexerMeta { raw_match: "2", index: 69, lineno: 2, colno: 21 }, data: IntLit("2") })
[TRACE] Entering Ident
[INFO] token found: Ok(LexerOutput { meta: LexerMeta { raw_match: "2", index: 69, lineno: 2, colno: 21 }, data: IntLit("2") })
[TRACE] Error @ LexerError(DoesNotMatch(ErrorMeta { lineno: 2, colno: 21, display: "2" }))
[INFO] token found: Ok(LexerOutput { meta: LexerMeta { raw_match: "2", index: 69, lineno: 2, colno: 21 }, data: IntLit("2") })
[INFO] token found: Ok(LexerOutput { meta: LexerMeta { raw_match: "2", index: 69, lineno: 2, colno: 21 }, data: IntLit("2") })
[INFO] token found: Ok(LexerOutput { meta: LexerMeta { raw_match: ";", index: 70, lineno: 2, colno: 22 }, data: SemiColon })
[INFO] token found: Ok(LexerOutput { meta: LexerMeta { raw_match: ";", index: 70, lineno: 2, colno: 22 }, data: SemiColon })
[INFO] token found: Ok(LexerOutput { meta: LexerMeta { raw_match: ";", index: 70, lineno: 2, colno: 22 }, data: SemiColon })
[INFO] token found: Ok(LexerOutput { meta: LexerMeta { raw_match: ";", index: 70, lineno: 2, colno: 22 }, data: SemiColon })
[INFO] token found: Ok(LexerOutput { meta: LexerMeta { raw_match: ";", index: 70, lineno: 2, colno: 22 }, data: SemiColon })
[TRACE] Error @ LexerError(DoesNotMatch(ErrorMeta { lineno: 2, colno: 22, display: ";" }))
[INFO] token found: Ok(LexerOutput { meta: LexerMeta { raw_match: "2", index: 69, lineno: 2, colno: 21 }, data: IntLit("2") })
[TRACE] Entering Logical Or Expression
[INFO] token found: Ok(LexerOutput { meta: LexerMeta { raw_match: "2", index: 69, lineno: 2, colno: 21 }, data: IntLit("2") })
[TRACE] Entering Logical And Expression
[INFO] token found: Ok(LexerOutput { meta: LexerMeta { raw_match: "2", index: 69, lineno: 2, colno: 21 }, data: IntLit("2") })
[TRACE] Entering Binary Or Expression
[INFO] token found: Ok(LexerOutput { meta: LexerMeta { raw_match: "2", index: 69, lineno: 2, colno: 21 }, data: IntLit("2") })
[TRACE] Entering Xor Expression
[INFO] token found: Ok(LexerOutput { meta: LexerMeta { raw_match: "2", index: 69, lineno: 2, colno: 21 }, data: IntLit("2") })
[TRACE] Entering Binary And Expression
[INFO] token found: Ok(LexerOutput { meta: LexerMeta { raw_match: "2", index: 69, lineno: 2, colno: 21 }, data: IntLit("2") })
[TRACE] Entering Equality Expression
[INFO] token found: Ok(LexerOutput { meta: LexerMeta { raw_match: "2", index: 69, lineno: 2, colno: 21 }, data: IntLit("2") })
[TRACE] Entering Relational Expression
[INFO] token found: Ok(LexerOutput { meta: LexerMeta { raw_match: "2", index: 69, lineno: 2, colno: 21 }, data: IntLit("2") })
[TRACE] Entering Shift Expression
[INFO] token found: Ok(LexerOutput { meta: LexerMeta { raw_match: "2", index: 69, lineno: 2, colno: 21 }, data: IntLit("2") })
[TRACE] Entering additive expression
[INFO] token found: Ok(LexerOutput { meta: LexerMeta { raw_match: "2", index: 69, lineno: 2, colno: 21 }, data: IntLit("2") })
[TRACE] Entering multiplicative expression
[INFO] token found: Ok(LexerOutput { meta: LexerMeta { raw_match: "2", index: 69, lineno: 2, colno: 21 }, data: IntLit("2") })
[INFO] token found: Ok(LexerOutput { meta: LexerMeta { raw_match: "2", index: 69, lineno: 2, colno: 21 }, data: IntLit("2") })
[INFO] token found: Ok(LexerOutput { meta: LexerMeta { raw_match: "2", index: 69, lineno: 2, colno: 21 }, data: IntLit("2") })
[TRACE] Error @ LexerError(DoesNotMatch(ErrorMeta { lineno: 2, colno: 21, display: "2" }))
[INFO] token found: Ok(LexerOutput { meta: LexerMeta { raw_match: "2", index: 69, lineno: 2, colno: 21 }, data: IntLit("2") })
[TRACE] Entering Non Math Expression
[INFO] token found: Ok(LexerOutput { meta: LexerMeta { raw_match: "2", index: 69, lineno: 2, colno: 21 }, data: IntLit("2") })
[TRACE] Entering base expression
[INFO] token found: Ok(LexerOutput { meta: LexerMeta { raw_match: "2", index: 69, lineno: 2, colno: 21 }, data: IntLit("2") })
[INFO] token found: Ok(LexerOutput { meta: LexerMeta { raw_match: "2", index: 69, lineno: 2, colno: 21 }, data: IntLit("2") })
[TRACE] Entering Ident
[INFO] token found: Ok(LexerOutput { meta: LexerMeta { raw_match: "2", index: 69, lineno: 2, colno: 21 }, data: IntLit("2") })
[TRACE] Error @ LexerError(DoesNotMatch(ErrorMeta { lineno: 2, colno: 21, display: "2" }))
[INFO] token found: Ok(LexerOutput { meta: LexerMeta { raw_match: "2", index: 69, lineno: 2, colno: 21 }, data: IntLit("2") })
[INFO] token found: Ok(LexerOutput { meta: LexerMeta { raw_match: "2", index: 69, lineno: 2, colno: 21 }, data: IntLit("2") })
[INFO] token found: Ok(LexerOutput { meta: LexerMeta { raw_match: ";", index: 70, lineno: 2, colno: 22 }, data: SemiColon })
[INFO] token found: Ok(LexerOutput { meta: LexerMeta { raw_match: ";", index: 70, lineno: 2, colno: 22 }, data: SemiColon })
[INFO] token found: Ok(LexerOutput { meta: LexerMeta { raw_match: ";", index: 70, lineno: 2, colno: 22 }, data: SemiColon })
[INFO] token found: Ok(LexerOutput { meta: LexerMeta { raw_match: ";", index: 70, lineno: 2, colno: 22 }, data: SemiColon })
[INFO] token found: Ok(LexerOutput { meta: LexerMeta { raw_match: ";", index: 70, lineno: 2, colno: 22 }, data: SemiColon })
[INFO] token found: Ok(LexerOutput { meta: LexerMeta { raw_match: ";", index: 70, lineno: 2, colno: 22 }, data: SemiColon })
[TRACE] Error @ LexerError(DoesNotMatch(ErrorMeta { lineno: 2, colno: 22, display: ";" }))
[INFO] token found: Ok(LexerOutput { meta: LexerMeta { raw_match: ";", index: 70, lineno: 2, colno: 22 }, data: SemiColon })
[INFO] token found: Ok(LexerOutput { meta: LexerMeta { raw_match: ";", index: 70, lineno: 2, colno: 22 }, data: SemiColon })
[INFO] token found: Ok(LexerOutput { meta: LexerMeta { raw_match: ";", index: 70, lineno: 2, colno: 22 }, data: SemiColon })
[INFO] token found: Ok(LexerOutput { meta: LexerMeta { raw_match: ";", index: 70, lineno: 2, colno: 22 }, data: SemiColon })
[TRACE] Error @ LexerError(DoesNotMatch(ErrorMeta { lineno: 2, colno: 22, display: ";" }))
[INFO] token found: Ok(LexerOutput { meta: LexerMeta { raw_match: ";", index: 70, lineno: 2, colno: 22 }, data: SemiColon })
[INFO] token found: Ok(LexerOutput { meta: LexerMeta { raw_match: ";", index: 70, lineno: 2, colno: 22 }, data: SemiColon })
[INFO] token found: Ok(LexerOutput { meta: LexerMeta { raw_match: ";", index: 70, lineno: 2, colno: 22 }, data: SemiColon })
[INFO] token found: Ok(LexerOutput { meta: LexerMeta { raw_match: ";", index: 70, lineno: 2, colno: 22 }, data: SemiColon })
[TRACE] Error @ LexerError(DoesNotMatch(ErrorMeta { lineno: 2, colno: 22, display: ";" }))
[INFO] token found: Ok(LexerOutput { meta: LexerMeta { raw_match: ";", index: 70, lineno: 2, colno: 22 }, data: SemiColon })
[INFO] token found: Ok(LexerOutput { meta: LexerMeta { raw_match: ";", index: 70, lineno: 2, colno: 22 }, data: SemiColon })
[INFO] token found: Ok(LexerOutput { meta: LexerMeta { raw_match: ";", index: 70, lineno: 2, colno: 22 }, data: SemiColon })
[INFO] token found: Ok(LexerOutput { meta: LexerMeta { raw_match: ";", index: 70, lineno: 2, colno: 22 }, data: SemiColon })
[TRACE] Error @ LexerError(DoesNotMatch(ErrorMeta { lineno: 2, colno: 22, display: ";" }))
[INFO] token found: Ok(LexerOutput { meta: LexerMeta { raw_match: ";", index: 70, lineno: 2, colno: 22 }, data: SemiColon })
[INFO] token found: Ok(LexerOutput { meta: LexerMeta { raw_match: ";", index: 70, lineno: 2, colno: 22 }, data: SemiColon })
[INFO] token found: Ok(LexerOutput { meta: LexerMeta { raw_match: ";", index: 70, lineno: 2, colno: 22 }, data: SemiColon })
[INFO] token found: Ok(LexerOutput { meta: LexerMeta { raw_match: ";", index: 70, lineno: 2, colno: 22 }, data: SemiColon })
[TRACE] Error @ LexerError(DoesNotMatch(ErrorMeta { lineno: 2, colno: 22, display: ";" }))
[INFO] token found: Ok(LexerOutput { meta: LexerMeta { raw_match: ";", index: 70, lineno: 2, colno: 22 }, data: SemiColon })
[INFO] token found: Ok(LexerOutput { meta: LexerMeta { raw_match: ";", index: 70, lineno: 2, colno: 22 }, data: SemiColon })
[INFO] token found: Ok(LexerOutput { meta: LexerMeta { raw_match: ";", index: 70, lineno: 2, colno: 22 }, data: SemiColon })
[INFO] token found: Ok(LexerOutput { meta: LexerMeta { raw_match: ";", index: 70, lineno: 2, colno: 22 }, data: SemiColon })
[TRACE] Error @ LexerError(DoesNotMatch(ErrorMeta { lineno: 2, colno: 22, display: ";" }))
[INFO] token found: Ok(LexerOutput { meta: LexerMeta { raw_match: ";", index: 70, lineno: 2, colno: 22 }, data: SemiColon })
[INFO] token found: Ok(LexerOutput { meta: LexerMeta { raw_match: ";", index: 70, lineno: 2, colno: 22 }, data: SemiColon })
[INFO] token found: Ok(LexerOutput { meta: LexerMeta { raw_match: ";", index: 70, lineno: 2, colno: 22 }, data: SemiColon })
[INFO] token found: Ok(LexerOutput { meta: LexerMeta { raw_match: ";", index: 70, lineno: 2, colno: 22 }, data: SemiColon })
[TRACE] Error @ LexerError(DoesNotMatch(ErrorMeta { lineno: 2, colno: 22, display: ";" }))
[INFO] token found: Ok(LexerOutput { meta: LexerMeta { raw_match: ";", index: 70, lineno: 2, colno: 22 }, data: SemiColon })
[INFO] token found: Ok(LexerOutput { meta: LexerMeta { raw_match: ";", index: 70, lineno: 2, colno: 22 }, data: SemiColon })
[INFO] token found: Ok(LexerOutput { meta: LexerMeta { raw_match: ";", index: 70, lineno: 2, colno: 22 }, data: SemiColon })
[INFO] token found: Ok(LexerOutput { meta: LexerMeta { raw_match: ";", index: 70, lineno: 2, colno: 22 }, data: SemiColon })
[TRACE] Error @ LexerError(DoesNotMatch(ErrorMeta { lineno: 2, colno: 22, display: ";" }))
[INFO] token found: Ok(LexerOutput { meta: LexerMeta { raw_match: ";", index: 70, lineno: 2, colno: 22 }, data: SemiColon })
[INFO] token found: Ok(LexerOutput { meta: LexerMeta { raw_match: ";", index: 70, lineno: 2, colno: 22 }, data: SemiColon })
[INFO] token found: Ok(LexerOutput { meta: LexerMeta { raw_match: ";", index: 70, lineno: 2, colno: 22 }, data: SemiColon })
[INFO] token found: Ok(LexerOutput { meta: LexerMeta { raw_match: ";", index: 70, lineno: 2, colno: 22 }, data: SemiColon })
[TRACE] Error @ LexerError(DoesNotMatch(ErrorMeta { lineno: 2, colno: 22, display: ";" }))
[INFO] token found: Ok(LexerOutput { meta: LexerMeta { raw_match: ";", index: 70, lineno: 2, colno: 22 }, data: SemiColon })
[INFO] token found: Ok(LexerOutput { meta: LexerMeta { raw_match: ";", index: 70, lineno: 2, colno: 22 }, data: SemiColon })
[INFO] token found: Ok(LexerOutput { meta: LexerMeta { raw_match: ";", index: 70, lineno: 2, colno: 22 }, data: SemiColon })
[INFO] token found: Ok(LexerOutput { meta: LexerMeta { raw_match: ";", index: 70, lineno: 2, colno: 22 }, data: SemiColon })
[TRACE] Error @ LexerError(DoesNotMatch(ErrorMeta { lineno: 2, colno: 22, display: ";" }))
[TRACE] Error @ Other
[INFO] token found: Ok(LexerOutput { meta: LexerMeta { raw_match: "let", index: 61, lineno: 2, colno: 15 }, data: Let })
[TRACE] Entering Expression
[INFO] token found: Ok(LexerOutput { meta: LexerMeta { raw_match: "let", index: 61, lineno: 2, colno: 15 }, data: Let })
[INFO] token found: Ok(LexerOutput { meta: LexerMeta { raw_match: "let", index: 61, lineno: 2, colno: 15 }, data: Let })
[INFO] token found: Ok(LexerOutput { meta: LexerMeta { raw_match: "let", index: 61, lineno: 2, colno: 15 }, data: Let })
[INFO] token found: Ok(LexerOutput { meta: LexerMeta { raw_match: "let", index: 61, lineno: 2, colno: 15 }, data: Let })
[TRACE] Error @ LexerError(DoesNotMatch(ErrorMeta { lineno: 2, colno: 15, display: "let" }))
[INFO] token found: Ok(LexerOutput { meta: LexerMeta { raw_match: "let", index: 61, lineno: 2, colno: 15 }, data: Let })
[TRACE] Entering Non Math Expression
[INFO] token found: Ok(LexerOutput { meta: LexerMeta { raw_match: "let", index: 61, lineno: 2, colno: 15 }, data: Let })
[TRACE] Entering base expression
[INFO] token found: Ok(LexerOutput { meta: LexerMeta { raw_match: "let", index: 61, lineno: 2, colno: 15 }, data: Let })
[INFO] token found: Ok(LexerOutput { meta: LexerMeta { raw_match: "let", index: 61, lineno: 2, colno: 15 }, data: Let })
[TRACE] Entering Ident
[INFO] token found: Ok(LexerOutput { meta: LexerMeta { raw_match: "let", index: 61, lineno: 2, colno: 15 }, data: Let })
[TRACE] Error @ LexerError(DoesNotMatch(ErrorMeta { lineno: 2, colno: 15, display: "let" }))
[INFO] token found: Ok(LexerOutput { meta: LexerMeta { raw_match: "let", index: 61, lineno: 2, colno: 15 }, data: Let })
[INFO] token found: Ok(LexerOutput { meta: LexerMeta { raw_match: "let", index: 61, lineno: 2, colno: 15 }, data: Let })
[INFO] token found: Ok(LexerOutput { meta: LexerMeta { raw_match: "let", index: 61, lineno: 2, colno: 15 }, data: Let })
[TRACE] Entered TypeDef
[INFO] token found: Ok(LexerOutput { meta: LexerMeta { raw_match: "let", index: 61, lineno: 2, colno: 15 }, data: Let })
[TRACE] entering Function
[INFO] token found: Ok(LexerOutput { meta: LexerMeta { raw_match: "let", index: 61, lineno: 2, colno: 15 }, data: Let })
[TRACE] Error @ LexerError(DoesNotMatch(ErrorMeta { lineno: 2, colno: 15, display: "let" }))
[INFO] token found: Ok(LexerOutput { meta: LexerMeta { raw_match: "let", index: 61, lineno: 2, colno: 15 }, data: Let })
[INFO] token found: Ok(LexerOutput { meta: LexerMeta { raw_match: "let", index: 61, lineno: 2, colno: 15 }, data: Let })
[TRACE] Error @ LexerError(DoesNotMatch(ErrorMeta { lineno: 2, colno: 15, display: "let" }))
[INFO] token found: Ok(LexerOutput { meta: LexerMeta { raw_match: "let", index: 61, lineno: 2, colno: 15 }, data: Let })
[INFO] token found: Ok(LexerOutput { meta: LexerMeta { raw_match: "let", index: 61, lineno: 2, colno: 15 }, data: Let })
[TRACE] Error @ LexerError(DoesNotMatch(ErrorMeta { lineno: 2, colno: 15, display: "let" }))
[INFO] token found: Ok(LexerOutput { meta: LexerMeta { raw_match: "let", index: 61, lineno: 2, colno: 15 }, data: Let })
[INFO] token found: Ok(LexerOutput { meta: LexerMeta { raw_match: "let", index: 61, lineno: 2, colno: 15 }, data: Let })
[TRACE] Error @ LexerError(DoesNotMatch(ErrorMeta { lineno: 2, colno: 15, display: "let" }))
[INFO] token found: Ok(LexerOutput { meta: LexerMeta { raw_match: "let", index: 61, lineno: 2, colno: 15 }, data: Let })
[TRACE] Entering Ident
[INFO] token found: Ok(LexerOutput { meta: LexerMeta { raw_match: "let", index: 61, lineno: 2, colno: 15 }, data: Let })
[TRACE] Error @ LexerError(DoesNotMatch(ErrorMeta { lineno: 2, colno: 15, display: "let" }))
[TRACE] Error @ LexerError(DoesNotMatch(ErrorMeta { lineno: 2, colno: 15, display: "let" }))
[TRACE] Error @ LexerError(DoesNotMatch(ErrorMeta { lineno: 2, colno: 15, display: "let" }))
[INFO] token found: Ok(LexerOutput { meta: LexerMeta { raw_match: "let", index: 61, lineno: 2, colno: 15 }, data: Let })
[TRACE] Entering Logical Or Expression
[INFO] token found: Ok(LexerOutput { meta: LexerMeta { raw_match: "let", index: 61, lineno: 2, colno: 15 }, data: Let })
[TRACE] Entering Logical And Expression
[INFO] token found: Ok(LexerOutput { meta: LexerMeta { raw_match: "let", index: 61, lineno: 2, colno: 15 }, data: Let })
[TRACE] Entering Binary Or Expression
[INFO] token found: Ok(LexerOutput { meta: LexerMeta { raw_match: "let", index: 61, lineno: 2, colno: 15 }, data: Let })
[TRACE] Entering Xor Expression
[INFO] token found: Ok(LexerOutput { meta: LexerMeta { raw_match: "let", index: 61, lineno: 2, colno: 15 }, data: Let })
[TRACE] Entering Binary And Expression
[INFO] token found: Ok(LexerOutput { meta: LexerMeta { raw_match: "let", index: 61, lineno: 2, colno: 15 }, data: Let })
[TRACE] Entering Equality Expression
[INFO] token found: Ok(LexerOutput { meta: LexerMeta { raw_match: "let", index: 61, lineno: 2, colno: 15 }, data: Let })
[TRACE] Entering Relational Expression
[INFO] token found: Ok(LexerOutput { meta: LexerMeta { raw_match: "let", index: 61, lineno: 2, colno: 15 }, data: Let })
[TRACE] Entering Shift Expression
[INFO] token found: Ok(LexerOutput { meta: LexerMeta { raw_match: "let", index: 61, lineno: 2, colno: 15 }, data: Let })
[TRACE] Entering additive expression
[INFO] token found: Ok(LexerOutput { meta: LexerMeta { raw_match: "let", index: 61, lineno: 2, colno: 15 }, data: Let })
[TRACE] Entering multiplicative expression
[INFO] token found: Ok(LexerOutput { meta: LexerMeta { raw_match: "let", index: 61, lineno: 2, colno: 15 }, data: Let })
[INFO] token found: Ok(LexerOutput { meta: LexerMeta { raw_match: "let", index: 61, lineno: 2, colno: 15 }, data: Let })
[INFO] token found: Ok(LexerOutput { meta: LexerMeta { raw_match: "let", index: 61, lineno: 2, colno: 15 }, data: Let })
[TRACE] Error @ LexerError(DoesNotMatch(ErrorMeta { lineno: 2, colno: 15, display: "let" }))
[INFO] token found: Ok(LexerOutput { meta: LexerMeta { raw_match: "let", index: 61, lineno: 2, colno: 15 }, data: Let })
[TRACE] Entering Non Math Expression
[INFO] token found: Ok(LexerOutput { meta: LexerMeta { raw_match: "let", index: 61, lineno: 2, colno: 15 }, data: Let })
[TRACE] Entering base expression
[INFO] token found: Ok(LexerOutput { meta: LexerMeta { raw_match: "let", index: 61, lineno: 2, colno: 15 }, data: Let })
[INFO] token found: Ok(LexerOutput { meta: LexerMeta { raw_match: "let", index: 61, lineno: 2, colno: 15 }, data: Let })
[TRACE] Entering Ident
[INFO] token found: Ok(LexerOutput { meta: LexerMeta { raw_match: "let", index: 61, lineno: 2, colno: 15 }, data: Let })
[TRACE] Error @ LexerError(DoesNotMatch(ErrorMeta { lineno: 2, colno: 15, display: "let" }))
[INFO] token found: Ok(LexerOutput { meta: LexerMeta { raw_match: "let", index: 61, lineno: 2, colno: 15 }, data: Let })
[INFO] token found: Ok(LexerOutput { meta: LexerMeta { raw_match: "let", index: 61, lineno: 2, colno: 15 }, data: Let })
[INFO] token found: Ok(LexerOutput { meta: LexerMeta { raw_match: "let", index: 61, lineno: 2, colno: 15 }, data: Let })
[TRACE] Entered TypeDef
[INFO] token found: Ok(LexerOutput { meta: LexerMeta { raw_match: "let", index: 61, lineno: 2, colno: 15 }, data: Let })
[TRACE] entering Function
[INFO] token found: Ok(LexerOutput { meta: LexerMeta { raw_match: "let", index: 61, lineno: 2, colno: 15 }, data: Let })
[TRACE] Error @ LexerError(DoesNotMatch(ErrorMeta { lineno: 2, colno: 15, display: "let" }))
[INFO] token found: Ok(LexerOutput { meta: LexerMeta { raw_match: "let", index: 61, lineno: 2, colno: 15 }, data: Let })
[INFO] token found: Ok(LexerOutput { meta: LexerMeta { raw_match: "let", index: 61, lineno: 2, colno: 15 }, data: Let })
[TRACE] Error @ LexerError(DoesNotMatch(ErrorMeta { lineno: 2, colno: 15, display: "let" }))
[INFO] token found: Ok(LexerOutput { meta: LexerMeta { raw_match: "let", index: 61, lineno: 2, colno: 15 }, data: Let })
[INFO] token found: Ok(LexerOutput { meta: LexerMeta { raw_match: "let", index: 61, lineno: 2, colno: 15 }, data: Let })
[TRACE] Error @ LexerError(DoesNotMatch(ErrorMeta { lineno: 2, colno: 15, display: "let" }))
[INFO] token found: Ok(LexerOutput { meta: LexerMeta { raw_match: "let", index: 61, lineno: 2, colno: 15 }, data: Let })
[INFO] token found: Ok(LexerOutput { meta: LexerMeta { raw_match: "let", index: 61, lineno: 2, colno: 15 }, data: Let })
[TRACE] Error @ LexerError(DoesNotMatch(ErrorMeta { lineno: 2, colno: 15, display: "let" }))
[INFO] token found: Ok(LexerOutput { meta: LexerMeta { raw_match: "let", index: 61, lineno: 2, colno: 15 }, data: Let })
[TRACE] Entering Ident
[INFO] token found: Ok(LexerOutput { meta: LexerMeta { raw_match: "let", index: 61, lineno: 2, colno: 15 }, data: Let })
[TRACE] Error @ LexerError(DoesNotMatch(ErrorMeta { lineno: 2, colno: 15, display: "let" }))
[TRACE] Error @ LexerError(DoesNotMatch(ErrorMeta { lineno: 2, colno: 15, display: "let" }))
[TRACE] Error @ LexerError(DoesNotMatch(ErrorMeta { lineno: 2, colno: 15, display: "let" }))
[TRACE] Error @ LexerError(DoesNotMatch(ErrorMeta { lineno: 2, colno: 15, display: "let" }))
[TRACE] Error @ LexerError(DoesNotMatch(ErrorMeta { lineno: 2, colno: 15, display: "let" }))
[INFO] token found: Ok(LexerOutput { meta: LexerMeta { raw_match: "let", index: 61, lineno: 2, colno: 15 }, data: Let })
[INFO] token found: Ok(LexerOutput { meta: LexerMeta { raw_match: "let", index: 61, lineno: 2, colno: 15 }, data: Let })
[TRACE] Entering Statment
[INFO] token found: Ok(LexerOutput { meta: LexerMeta { raw_match: "let", index: 61, lineno: 2, colno: 15 }, data: Let })
[TRACE] Entered Assignment
[INFO] token found: Ok(LexerOutput { meta: LexerMeta { raw_match: "let", index: 61, lineno: 2, colno: 15 }, data: Let })
[INFO] token found: Ok(LexerOutput { meta: LexerMeta { raw_match: "let", index: 61, lineno: 2, colno: 15 }, data: Let })
[INFO] token found: Ok(LexerOutput { meta: LexerMeta { raw_match: "let", index: 61, lineno: 2, colno: 15 }, data: Let })
[INFO] token found: Ok(LexerOutput { meta: LexerMeta { raw_match: "x", index: 65, lineno: 2, colno: 17 }, data: Ident("x") })
[INFO] token found: Ok(LexerOutput { meta: LexerMeta { raw_match: "x", index: 65, lineno: 2, colno: 17 }, data: Ident("x") })
[INFO] token found: Ok(LexerOutput { meta: LexerMeta { raw_match: "x", index: 65, lineno: 2, colno: 17 }, data: Ident("x") })
[TRACE] Entering Ident Pair
[INFO] token found: Ok(LexerOutput { meta: LexerMeta { raw_match: "x", index: 65, lineno: 2, colno: 17 }, data: Ident("x") })
[TRACE] Entering Ident
[INFO] token found: Ok(LexerOutput { meta: LexerMeta { raw_match: "x", index: 65, lineno: 2, colno: 17 }, data: Ident("x") })
[INFO] token found: Ok(LexerOutput { meta: LexerMeta { raw_match: "=", index: 67, lineno: 2, colno: 19 }, data: Eq })
[TRACE] Error @ LexerError(DoesNotMatch(ErrorMeta { lineno: 2, colno: 19, display: "=" }))
[INFO] token found: Ok(LexerOutput { meta: LexerMeta { raw_match: "x", index: 65, lineno: 2, colno: 17 }, data: Ident("x") })
[TRACE] Entering Ident
[INFO] token found: Ok(LexerOutput { meta: LexerMeta { raw_match: "x", index: 65, lineno: 2, colno: 17 }, data: Ident("x") })
[INFO] token found: Ok(LexerOutput { meta: LexerMeta { raw_match: "=", index: 67, lineno: 2, colno: 19 }, data: Eq })
[INFO] token found: Ok(LexerOutput { meta: LexerMeta { raw_match: "2", index: 69, lineno: 2, colno: 21 }, data: IntLit("2") })
[TRACE] Entering Expression
[INFO] token found: Ok(LexerOutput { meta: LexerMeta { raw_match: "2", index: 69, lineno: 2, colno: 21 }, data: IntLit("2") })
[INFO] token found: Ok(LexerOutput { meta: LexerMeta { raw_match: "2", index: 69, lineno: 2, colno: 21 }, data: IntLit("2") })
[INFO] token found: Ok(LexerOutput { meta: LexerMeta { raw_match: "2", index: 69, lineno: 2, colno: 21 }, data: IntLit("2") })
[INFO] token found: Ok(LexerOutput { meta: LexerMeta { raw_match: "2", index: 69, lineno: 2, colno: 21 }, data: IntLit("2") })
[TRACE] Error @ LexerError(DoesNotMatch(ErrorMeta { lineno: 2, colno: 21, display: "2" }))
[INFO] token found: Ok(LexerOutput { meta: LexerMeta { raw_match: "2", index: 69, lineno: 2, colno: 21 }, data: IntLit("2") })
[TRACE] Entering Non Math Expression
[INFO] token found: Ok(LexerOutput { meta: LexerMeta { raw_match: "2", index: 69, lineno: 2, colno: 21 }, data: IntLit("2") })
[TRACE] Entering base expression
[INFO] token found: Ok(LexerOutput { meta: LexerMeta { raw_match: "2", index: 69, lineno: 2, colno: 21 }, data: IntLit("2") })
[INFO] token found: Ok(LexerOutput { meta: LexerMeta { raw_match: "2", index: 69, lineno: 2, colno: 21 }, data: IntLit("2") })
[TRACE] Entering Ident
[INFO] token found: Ok(LexerOutput { meta: LexerMeta { raw_match: "2", index: 69, lineno: 2, colno: 21 }, data: IntLit("2") })
[TRACE] Error @ LexerError(DoesNotMatch(ErrorMeta { lineno: 2, colno: 21, display: "2" }))
[INFO] token found: Ok(LexerOutput { meta: LexerMeta { raw_match: "2", index: 69, lineno: 2, colno: 21 }, data: IntLit("2") })
[INFO] token found: Ok(LexerOutput { meta: LexerMeta { raw_match: "2", index: 69, lineno: 2, colno: 21 }, data: IntLit("2") })
[INFO] token found: Ok(LexerOutput { meta: LexerMeta { raw_match: ";", index: 70, lineno: 2, colno: 22 }, data: SemiColon })
[INFO] token found: Ok(LexerOutput { meta: LexerMeta { raw_match: ";", index: 70, lineno: 2, colno: 22 }, data: SemiColon })
[INFO] token found: Ok(LexerOutput { meta: LexerMeta { raw_match: ";", index: 70, lineno: 2, colno: 22 }, data: SemiColon })
[INFO] token found: Ok(LexerOutput { meta: LexerMeta { raw_match: ";", index: 70, lineno: 2, colno: 22 }, data: SemiColon })
[INFO] token found: Ok(LexerOutput { meta: LexerMeta { raw_match: ";", index: 70, lineno: 2, colno: 22 }, data: SemiColon })
[TRACE] Error @ LexerError(DoesNotMatch(ErrorMeta { lineno: 2, colno: 22, display: ";" }))
[INFO] token found: Ok(LexerOutput { meta: LexerMeta { raw_match: "2", index: 69, lineno: 2, colno: 21 }, data: IntLit("2") })
[TRACE] Entering Logical Or Expression
[INFO] token found: Ok(LexerOutput { meta: LexerMeta { raw_match: "2", index: 69, lineno: 2, colno: 21 }, data: IntLit("2") })
[TRACE] Entering Logical And Expression
[INFO] token found: Ok(LexerOutput { meta: LexerMeta { raw_match: "2", index: 69, lineno: 2, colno: 21 }, data: IntLit("2") })
[TRACE] Entering Binary Or Expression
[INFO] token found: Ok(LexerOutput { meta: LexerMeta { raw_match: "2", index: 69, lineno: 2, colno: 21 }, data: IntLit("2") })
[TRACE] Entering Xor Expression
[INFO] token found: Ok(LexerOutput { meta: LexerMeta { raw_match: "2", index: 69, lineno: 2, colno: 21 }, data: IntLit("2") })
[TRACE] Entering Binary And Expression
[INFO] token found: Ok(LexerOutput { meta: LexerMeta { raw_match: "2", index: 69, lineno: 2, colno: 21 }, data: IntLit("2") })
[TRACE] Entering Equality Expression
[INFO] token found: Ok(LexerOutput { meta: LexerMeta { raw_match: "2", index: 69, lineno: 2, colno: 21 }, data: IntLit("2") })
[TRACE] Entering Relational Expression
[INFO] token found: Ok(LexerOutput { meta: LexerMeta { raw_match: "2", index: 69, lineno: 2, colno: 21 }, data: IntLit("2") })
[TRACE] Entering Shift Expression
[INFO] token found: Ok(LexerOutput { meta: LexerMeta { raw_match: "2", index: 69, lineno: 2, colno: 21 }, data: IntLit("2") })
[TRACE] Entering additive expression
[INFO] token found: Ok(LexerOutput { meta: LexerMeta { raw_match: "2", index: 69, lineno: 2, colno: 21 }, data: IntLit("2") })
[TRACE] Entering multiplicative expression
[INFO] token found: Ok(LexerOutput { meta: LexerMeta { raw_match: "2", index: 69, lineno: 2, colno: 21 }, data: IntLit("2") })
[INFO] token found: Ok(LexerOutput { meta: LexerMeta { raw_match: "2", index: 69, lineno: 2, colno: 21 }, data: IntLit("2") })
[INFO] token found: Ok(LexerOutput { meta: LexerMeta { raw_match: "2", index: 69, lineno: 2, colno: 21 }, data: IntLit("2") })
[TRACE] Error @ LexerError(DoesNotMatch(ErrorMeta { lineno: 2, colno: 21, display: "2" }))
[INFO] token found: Ok(LexerOutput { meta: LexerMeta { raw_match: "2", index: 69, lineno: 2, colno: 21 }, data: IntLit("2") })
[TRACE] Entering Non Math Expression
[INFO] token found: Ok(LexerOutput { meta: LexerMeta { raw_match: "2", index: 69, lineno: 2, colno: 21 }, data: IntLit("2") })
[TRACE] Entering base expression
[INFO] token found: Ok(LexerOutput { meta: LexerMeta { raw_match: "2", index: 69, lineno: 2, colno: 21 }, data: IntLit("2") })
[INFO] token found: Ok(LexerOutput { meta: LexerMeta { raw_match: "2", index: 69, lineno: 2, colno: 21 }, data: IntLit("2") })
[TRACE] Entering Ident
[INFO] token found: Ok(LexerOutput { meta: LexerMeta { raw_match: "2", index: 69, lineno: 2, colno: 21 }, data: IntLit("2") })
[TRACE] Error @ LexerError(DoesNotMatch(ErrorMeta { lineno: 2, colno: 21, display: "2" }))
[INFO] token found: Ok(LexerOutput { meta: LexerMeta { raw_match: "2", index: 69, lineno: 2, colno: 21 }, data: IntLit("2") })
[INFO] token found: Ok(LexerOutput { meta: LexerMeta { raw_match: "2", index: 69, lineno: 2, colno: 21 }, data: IntLit("2") })
[INFO] token found: Ok(LexerOutput { meta: LexerMeta { raw_match: ";", index: 70, lineno: 2, colno: 22 }, data: SemiColon })
[INFO] token found: Ok(LexerOutput { meta: LexerMeta { raw_match: ";", index: 70, lineno: 2, colno: 22 }, data: SemiColon })
[INFO] token found: Ok(LexerOutput { meta: LexerMeta { raw_match: ";", index: 70, lineno: 2, colno: 22 }, data: SemiColon })
[INFO] token found: Ok(LexerOutput { meta: LexerMeta { raw_match: ";", index: 70, lineno: 2, colno: 22 }, data: SemiColon })
[INFO] token found: Ok(LexerOutput { meta: LexerMeta { raw_match: ";", index: 70, lineno: 2, colno: 22 }, data: SemiColon })
[INFO] token found: Ok(LexerOutput { meta: LexerMeta { raw_match: ";", index: 70, lineno: 2, colno: 22 }, data: SemiColon })
[TRACE] Error @ LexerError(DoesNotMatch(ErrorMeta { lineno: 2, colno: 22, display: ";" }))
[INFO] token found: Ok(LexerOutput { meta: LexerMeta { raw_match: ";", index: 70, lineno: 2, colno: 22 }, data: SemiColon })
[INFO] token found: Ok(LexerOutput { meta: LexerMeta { raw_match: ";", index: 70, lineno: 2, colno: 22 }, data: SemiColon })
[INFO] token found: Ok(LexerOutput { meta: LexerMeta { raw_match: ";", index: 70, lineno: 2, colno: 22 }, data: SemiColon })
[INFO] token found: Ok(LexerOutput { meta: LexerMeta { raw_match: ";", index: 70, lineno: 2, colno: 22 }, data: SemiColon })
[TRACE] Error @ LexerError(DoesNotMatch(ErrorMeta { lineno: 2, colno: 22, display: ";" }))
[INFO] token found: Ok(LexerOutput { meta: LexerMeta { raw_match: ";", index: 70, lineno: 2, colno: 22 }, data: SemiColon })
[INFO] token found: Ok(LexerOutput { meta: LexerMeta { raw_match: ";", index: 70, lineno: 2, colno: 22 }, data: SemiColon })
[INFO] token found: Ok(LexerOutput { meta: LexerMeta { raw_match: ";", index: 70, lineno: 2, colno: 22 }, data: SemiColon })
[INFO] token found: Ok(LexerOutput { meta: LexerMeta { raw_match: ";", index: 70, lineno: 2, colno: 22 }, data: SemiColon })
[TRACE] Error @ LexerError(DoesNotMatch(ErrorMeta { lineno: 2, colno: 22, display: ";" }))
[INFO] token found: Ok(LexerOutput { meta: LexerMeta { raw_match: ";", index: 70, lineno: 2, colno: 22 }, data: SemiColon })
[INFO] token found: Ok(LexerOutput { meta: LexerMeta { raw_match: ";", index: 70, lineno: 2, colno: 22 }, data: SemiColon })
[INFO] token found: Ok(LexerOutput { meta: LexerMeta { raw_match: ";", index: 70, lineno: 2, colno: 22 }, data: SemiColon })
[INFO] token found: Ok(LexerOutput { meta: LexerMeta { raw_match: ";", index: 70, lineno: 2, colno: 22 }, data: SemiColon })
[TRACE] Error @ LexerError(DoesNotMatch(ErrorMeta { lineno: 2, colno: 22, display: ";" }))
[INFO] token found: Ok(LexerOutput { meta: LexerMeta { raw_match: ";", index: 70, lineno: 2, colno: 22 }, data: SemiColon })
[INFO] token found: Ok(LexerOutput { meta: LexerMeta { raw_match: ";", index: 70, lineno: 2, colno: 22 }, data: SemiColon })
[INFO] token found: Ok(LexerOutput { meta: LexerMeta { raw_match: ";", index: 70, lineno: 2, colno: 22 }, data: SemiColon })
[INFO] token found: Ok(LexerOutput { meta: LexerMeta { raw_match: ";", index: 70, lineno: 2, colno: 22 }, data: SemiColon })
[TRACE] Error @ LexerError(DoesNotMatch(ErrorMeta { lineno: 2, colno: 22, display: ";" }))
[INFO] token found: Ok(LexerOutput { meta: LexerMeta { raw_match: ";", index: 70, lineno: 2, colno: 22 }, data: SemiColon })
[INFO] token found: Ok(LexerOutput { meta: LexerMeta { raw_match: ";", index: 70, lineno: 2, colno: 22 }, data: SemiColon })
[INFO] token found: Ok(LexerOutput { meta: LexerMeta { raw_match: ";", index: 70, lineno: 2, colno: 22 }, data: SemiColon })
[INFO] token found: Ok(LexerOutput { meta: LexerMeta { raw_match: ";", index: 70, lineno: 2, colno: 22 }, data: SemiColon })
[TRACE] Error @ LexerError(DoesNotMatch(ErrorMeta { lineno: 2, colno: 22, display: ";" }))
[INFO] token found: Ok(LexerOutput { meta: LexerMeta { raw_match: ";", index: 70, lineno: 2, colno: 22 }, data: SemiColon })
[INFO] token found: Ok(LexerOutput { meta: LexerMeta { raw_match: ";", index: 70, lineno: 2, colno: 22 }, data: SemiColon })
[INFO] token found: Ok(LexerOutput { meta: LexerMeta { raw_match: ";", index: 70, lineno: 2, colno: 22 }, data: SemiColon })
[INFO] token found: Ok(LexerOutput { meta: LexerMeta { raw_match: ";", index: 70, lineno: 2, colno: 22 }, data: SemiColon })
[TRACE] Error @ LexerError(DoesNotMatch(ErrorMeta { lineno: 2, colno: 22, display: ";" }))
[INFO] token found: Ok(LexerOutput { meta: LexerMeta { raw_match: ";", index: 70, lineno: 2, colno: 22 }, data: SemiColon })
[INFO] token found: Ok(LexerOutput { meta: LexerMeta { raw_match: ";", index: 70, lineno: 2, colno: 22 }, data: SemiColon })
[INFO] token found: Ok(LexerOutput { meta: LexerMeta { raw_match: ";", index: 70, lineno: 2, colno: 22 }, data: SemiColon })
[INFO] token found: Ok(LexerOutput { meta: LexerMeta { raw_match: ";", index: 70, lineno: 2, colno: 22 }, data: SemiColon })
[TRACE] Error @ LexerError(DoesNotMatch(ErrorMeta { lineno: 2, colno: 22, display: ";" }))
[INFO] token found: Ok(LexerOutput { meta: LexerMeta { raw_match: ";", index: 70, lineno: 2, colno: 22 }, data: SemiColon })
[INFO] token found: Ok(LexerOutput { meta: LexerMeta { raw_match: ";", index: 70, lineno: 2, colno: 22 }, data: SemiColon })
[INFO] token found: Ok(LexerOutput { meta: LexerMeta { raw_match: ";", index: 70, lineno: 2, colno: 22 }, data: SemiColon })
[INFO] token found: Ok(LexerOutput { meta: LexerMeta { raw_match: ";", index: 70, lineno: 2, colno: 22 }, data: SemiColon })
[TRACE] Error @ LexerError(DoesNotMatch(ErrorMeta { lineno: 2, colno: 22, display: ";" }))
[INFO] token found: Ok(LexerOutput { meta: LexerMeta { raw_match: ";", index: 70, lineno: 2, colno: 22 }, data: SemiColon })
[INFO] token found: Ok(LexerOutput { meta: LexerMeta { raw_match: ";", index: 70, lineno: 2, colno: 22 }, data: SemiColon })
[INFO] token found: Ok(LexerOutput { meta: LexerMeta { raw_match: ";", index: 70, lineno: 2, colno: 22 }, data: SemiColon })
[INFO] token found: Ok(LexerOutput { meta: LexerMeta { raw_match: ";", index: 70, lineno: 2, colno: 22 }, data: SemiColon })
[TRACE] Error @ LexerError(DoesNotMatch(ErrorMeta { lineno: 2, colno: 22, display: ";" }))
[TRACE] Error @ Other
[INFO] token found: Ok(LexerOutput { meta: LexerMeta { raw_match: "let", index: 61, lineno: 2, colno: 15 }, data: Let })
[TRACE] Entering Expression
[INFO] token found: Ok(LexerOutput { meta: LexerMeta { raw_match: "let", index: 61, lineno: 2, colno: 15 }, data: Let })
[INFO] token found: Ok(LexerOutput { meta: LexerMeta { raw_match: "let", index: 61, lineno: 2, colno: 15 }, data: Let })
[INFO] token found: Ok(LexerOutput { meta: LexerMeta { raw_match: "let", index: 61, lineno: 2, colno: 15 }, data: Let })
[INFO] token found: Ok(LexerOutput { meta: LexerMeta { raw_match: "let", index: 61, lineno: 2, colno: 15 }, data: Let })
[TRACE] Error @ LexerError(DoesNotMatch(ErrorMeta { lineno: 2, colno: 15, display: "let" }))
[INFO] token found: Ok(LexerOutput { meta: LexerMeta { raw_match: "let", index: 61, lineno: 2, colno: 15 }, data: Let })
[TRACE] Entering Non Math Expression
[INFO] token found: Ok(LexerOutput { meta: LexerMeta { raw_match: "let", index: 61, lineno: 2, colno: 15 }, data: Let })
[TRACE] Entering base expression
[INFO] token found: Ok(LexerOutput { meta: LexerMeta { raw_match: "let", index: 61, lineno: 2, colno: 15 }, data: Let })
[INFO] token found: Ok(LexerOutput { meta: LexerMeta { raw_match: "let", index: 61, lineno: 2, colno: 15 }, data: Let })
[TRACE] Entering Ident
[INFO] token found: Ok(LexerOutput { meta: LexerMeta { raw_match: "let", index: 61, lineno: 2, colno: 15 }, data: Let })
[TRACE] Error @ LexerError(DoesNotMatch(ErrorMeta { lineno: 2, colno: 15, display: "let" }))
[INFO] token found: Ok(LexerOutput { meta: LexerMeta { raw_match: "let", index: 61, lineno: 2, colno: 15 }, data: Let })
[INFO] token found: Ok(LexerOutput { meta: LexerMeta { raw_match: "let", index: 61, lineno: 2, colno: 15 }, data: Let })
[INFO] token found: Ok(LexerOutput { meta: LexerMeta { raw_match: "let", index: 61, lineno: 2, colno: 15 }, data: Let })
[TRACE] Entered TypeDef
[INFO] token found: Ok(LexerOutput { meta: LexerMeta { raw_match: "let", index: 61, lineno: 2, colno: 15 }, data: Let })
[TRACE] entering Function
[INFO] token found: Ok(LexerOutput { meta: LexerMeta { raw_match: "let", index: 61, lineno: 2, colno: 15 }, data: Let })
[TRACE] Error @ LexerError(DoesNotMatch(ErrorMeta { lineno: 2, colno: 15, display: "let" }))
[INFO] token found: Ok(LexerOutput { meta: LexerMeta { raw_match: "let", index: 61, lineno: 2, colno: 15 }, data: Let })
[INFO] token found: Ok(LexerOutput { meta: LexerMeta { raw_match: "let", index: 61, lineno: 2, colno: 15 }, data: Let })
[TRACE] Error @ LexerError(DoesNotMatch(ErrorMeta { lineno: 2, colno: 15, display: "let" }))
[INFO] token found: Ok(LexerOutput { meta: LexerMeta { raw_match: "let", index: 61, lineno: 2, colno: 15 }, data: Let })
[INFO] token found: Ok(LexerOutput { meta: LexerMeta { raw_match: "let", index: 61, lineno: 2, colno: 15 }, data: Let })
[TRACE] Error @ LexerError(DoesNotMatch(ErrorMeta { lineno: 2, colno: 15, display: "let" }))
[INFO] token found: Ok(LexerOutput { meta: LexerMeta { raw_match: "let", index: 61, lineno: 2, colno: 15 }, data: Let })
[INFO] token found: Ok(LexerOutput { meta: LexerMeta { raw_match: "let", index: 61, lineno: 2, colno: 15 }, data: Let })
[TRACE] Error @ LexerError(DoesNotMatch(ErrorMeta { lineno: 2, colno: 15, display: "let" }))
[INFO] token found: Ok(LexerOutput { meta: LexerMeta { raw_match: "let", index: 61, lineno: 2, colno: 15 }, data: Let })
[TRACE] Entering Ident
[INFO] token found: Ok(LexerOutput { meta: LexerMeta { raw_match: "let", index: 61, lineno: 2, colno: 15 }, data: Let })
[TRACE] Error @ LexerError(DoesNotMatch(ErrorMeta { lineno: 2, colno: 15, display: "let" }))
[TRACE] Error @ LexerError(DoesNotMatch(ErrorMeta { lineno: 2, colno: 15, display: "let" }))
[TRACE] Error @ LexerError(DoesNotMatch(ErrorMeta { lineno: 2, colno: 15, display: "let" }))
[INFO] token found: Ok(LexerOutput { meta: LexerMeta { raw_match: "let", index: 61, lineno: 2, colno: 15 }, data: Let })
[TRACE] Entering Logical Or Expression
[INFO] token found: Ok(LexerOutput { meta: LexerMeta { raw_match: "let", index: 61, lineno: 2, colno: 15 }, data: Let })
[TRACE] Entering Logical And Expression
[INFO] token found: Ok(LexerOutput { meta: LexerMeta { raw_match: "let", index: 61, lineno: 2, colno: 15 }, data: Let })
[TRACE] Entering Binary Or Expression
[INFO] token found: Ok(LexerOutput { meta: LexerMeta { raw_match: "let", index: 61, lineno: 2, colno: 15 }, data: Let })
[TRACE] Entering Xor Expression
[INFO] token found: Ok(LexerOutput { meta: LexerMeta { raw_match: "let", index: 61, lineno: 2, colno: 15 }, data: Let })
[TRACE] Entering Binary And Expression
[INFO] token found: Ok(LexerOutput { meta: LexerMeta { raw_match: "let", index: 61, lineno: 2, colno: 15 }, data: Let })
[TRACE] Entering Equality Expression
[INFO] token found: Ok(LexerOutput { meta: LexerMeta { raw_match: "let", index: 61, lineno: 2, colno: 15 }, data: Let })
[TRACE] Entering Relational Expression
[INFO] token found: Ok(LexerOutput { meta: LexerMeta { raw_match: "let", index: 61, lineno: 2, colno: 15 }, data: Let })
[TRACE] Entering Shift Expression
[INFO] token found: Ok(LexerOutput { meta: LexerMeta { raw_match: "let", index: 61, lineno: 2, colno: 15 }, data: Let })
[TRACE] Entering additive expression
[INFO] token found: Ok(LexerOutput { meta: LexerMeta { raw_match: "let", index: 61, lineno: 2, colno: 15 }, data: Let })
[TRACE] Entering multiplicative expression
[INFO] token found: Ok(LexerOutput { meta: LexerMeta { raw_match: "let", index: 61, lineno: 2, colno: 15 }, data: Let })
[INFO] token found: Ok(LexerOutput { meta: LexerMeta { raw_match: "let", index: 61, lineno: 2, colno: 15 }, data: Let })
[INFO] token found: Ok(LexerOutput { meta: LexerMeta { raw_match: "let", index: 61, lineno: 2, colno: 15 }, data: Let })
[TRACE] Error @ LexerError(DoesNotMatch(ErrorMeta { lineno: 2, colno: 15, display: "let" }))
[INFO] token found: Ok(LexerOutput { meta: LexerMeta { raw_match: "let", index: 61, lineno: 2, colno: 15 }, data: Let })
[TRACE] Entering Non Math Expression
[INFO] token found: Ok(LexerOutput { meta: LexerMeta { raw_match: "let", index: 61, lineno: 2, colno: 15 }, data: Let })
[TRACE] Entering base expression
[INFO] token found: Ok(LexerOutput { meta: LexerMeta { raw_match: "let", index: 61, lineno: 2, colno: 15 }, data: Let })
[INFO] token found: Ok(LexerOutput { meta: LexerMeta { raw_match: "let", index: 61, lineno: 2, colno: 15 }, data: Let })
[TRACE] Entering Ident
[INFO] token found: Ok(LexerOutput { meta: LexerMeta { raw_match: "let", index: 61, lineno: 2, colno: 15 }, data: Let })
[TRACE] Error @ LexerError(DoesNotMatch(ErrorMeta { lineno: 2, colno: 15, display: "let" }))
[INFO] token found: Ok(LexerOutput { meta: LexerMeta { raw_match: "let", index: 61, lineno: 2, colno: 15 }, data: Let })
[INFO] token found: Ok(LexerOutput { meta: LexerMeta { raw_match: "let", index: 61, lineno: 2, colno: 15 }, data: Let })
[INFO] token found: Ok(LexerOutput { meta: LexerMeta { raw_match: "let", index: 61, lineno: 2, colno: 15 }, data: Let })
[TRACE] Entered TypeDef
[INFO] token found: Ok(LexerOutput { meta: LexerMeta { raw_match: "let", index: 61, lineno: 2, colno: 15 }, data: Let })
[TRACE] entering Function
[INFO] token found: Ok(LexerOutput { meta: LexerMeta { raw_match: "let", index: 61, lineno: 2, colno: 15 }, data: Let })
[TRACE] Error @ LexerError(DoesNotMatch(ErrorMeta { lineno: 2, colno: 15, display: "let" }))
[INFO] token found: Ok(LexerOutput { meta: LexerMeta { raw_match: "let", index: 61, lineno: 2, colno: 15 }, data: Let })
[INFO] token found: Ok(LexerOutput { meta: LexerMeta { raw_match: "let", index: 61, lineno: 2, colno: 15 }, data: Let })
[TRACE] Error @ LexerError(DoesNotMatch(ErrorMeta { lineno: 2, colno: 15, display: "let" }))
[INFO] token found: Ok(LexerOutput { meta: LexerMeta { raw_match: "let", index: 61, lineno: 2, colno: 15 }, data: Let })
[INFO] token found: Ok(LexerOutput { meta: LexerMeta { raw_match: "let", index: 61, lineno: 2, colno: 15 }, data: Let })
[TRACE] Error @ LexerError(DoesNotMatch(ErrorMeta { lineno: 2, colno: 15, display: "let" }))
[INFO] token found: Ok(LexerOutput { meta: LexerMeta { raw_match: "let", index: 61, lineno: 2, colno: 15 }, data: Let })
[INFO] token found: Ok(LexerOutput { meta: LexerMeta { raw_match: "let", index: 61, lineno: 2, colno: 15 }, data: Let })
[TRACE] Error @ LexerError(DoesNotMatch(ErrorMeta { lineno: 2, colno: 15, display: "let" }))
[INFO] token found: Ok(LexerOutput { meta: LexerMeta { raw_match: "let", index: 61, lineno: 2, colno: 15 }, data: Let })
[TRACE] Entering Ident
[INFO] token found: Ok(LexerOutput { meta: LexerMeta { raw_match: "let", index: 61, lineno: 2, colno: 15 }, data: Let })
[TRACE] Error @ LexerError(DoesNotMatch(ErrorMeta { lineno: 2, colno: 15, display: "let" }))
[TRACE] Error @ LexerError(DoesNotMatch(ErrorMeta { lineno: 2, colno: 15, display: "let" }))
[TRACE] Error @ LexerError(DoesNotMatch(ErrorMeta { lineno: 2, colno: 15, display: "let" }))
[TRACE] Error @ LexerError(DoesNotMatch(ErrorMeta { lineno: 2, colno: 15, display: "let" }))
[TRACE] Error @ LexerError(DoesNotMatch(ErrorMeta { lineno: 2, colno: 15, display: "let" }))
[INFO] token found: Ok(LexerOutput { meta: LexerMeta { raw_match: "let", index: 61, lineno: 2, colno: 15 }, data: Let })
[TRACE] Error @ LexerError(DoesNotMatch(ErrorMeta { lineno: 2, colno: 15, display: "let" }))
[INFO] token found: Ok(LexerOutput { meta: LexerMeta { raw_match: "fn", index: 21, lineno: 1, colno: 22 }, data: Fn })
[INFO] token found: Ok(LexerOutput { meta: LexerMeta { raw_match: "fn", index: 21, lineno: 1, colno: 22 }, data: Fn })
[TRACE] Error @ LexerError(DoesNotMatch(ErrorMeta { lineno: 1, colno: 22, display: "fn" }))
[INFO] token found: Ok(LexerOutput { meta: LexerMeta { raw_match: "fn", index: 21, lineno: 1, colno: 22 }, data: Fn })
[INFO] token found: Ok(LexerOutput { meta: LexerMeta { raw_match: "fn", index: 21, lineno: 1, colno: 22 }, data: Fn })
[TRACE] Error @ LexerError(DoesNotMatch(ErrorMeta { lineno: 1, colno: 22, display: "fn" }))
[INFO] token found: Ok(LexerOutput { meta: LexerMeta { raw_match: "fn", index: 21, lineno: 1, colno: 22 }, data: Fn })
[INFO] token found: Ok(LexerOutput { meta: LexerMeta { raw_match: "fn", index: 21, lineno: 1, colno: 22 }, data: Fn })
[TRACE] Error @ LexerError(DoesNotMatch(ErrorMeta { lineno: 1, colno: 22, display: "fn" }))
[INFO] token found: Ok(LexerOutput { meta: LexerMeta { raw_match: "fn", index: 21, lineno: 1, colno: 22 }, data: Fn })
[TRACE] Entering Ident
[INFO] token found: Ok(LexerOutput { meta: LexerMeta { raw_match: "fn", index: 21, lineno: 1, colno: 22 }, data: Fn })
[TRACE] Error @ LexerError(DoesNotMatch(ErrorMeta { lineno: 1, colno: 22, display: "fn" }))
[TRACE] Error @ LexerError(DoesNotMatch(ErrorMeta { lineno: 1, colno: 22, display: "fn" }))
[TRACE] Error @ LexerError(DoesNotMatch(ErrorMeta { lineno: 1, colno: 22, display: "fn" }))
[TRACE] Error @ LexerError(DoesNotMatch(ErrorMeta { lineno: 1, colno: 22, display: "fn" }))
[TRACE] Error @ LexerError(DoesNotMatch(ErrorMeta { lineno: 1, colno: 22, display: "fn" }))
[INFO] token found: Ok(LexerOutput { meta: LexerMeta { raw_match: "const", index: 9, lineno: 1, colno: 13 }, data: Const })
[INFO] token found: Ok(LexerOutput { meta: LexerMeta { raw_match: "const", index: 9, lineno: 1, colno: 13 }, data: Const })
[TRACE] Entered Assignment
[INFO] token found: Ok(LexerOutput { meta: LexerMeta { raw_match: "const", index: 9, lineno: 1, colno: 13 }, data: Const })
[INFO] token found: Ok(LexerOutput { meta: LexerMeta { raw_match: "const", index: 9, lineno: 1, colno: 13 }, data: Const })
[INFO] token found: Ok(LexerOutput { meta: LexerMeta { raw_match: "const", index: 9, lineno: 1, colno: 13 }, data: Const })
[INFO] token found: Ok(LexerOutput { meta: LexerMeta { raw_match: "const", index: 9, lineno: 1, colno: 13 }, data: Const })
[INFO] token found: Ok(LexerOutput { meta: LexerMeta { raw_match: "foo", index: 15, lineno: 1, colno: 17 }, data: Ident("foo") })
[INFO] token found: Ok(LexerOutput { meta: LexerMeta { raw_match: "foo", index: 15, lineno: 1, colno: 17 }, data: Ident("foo") })
[TRACE] Entering Ident Pair
[INFO] token found: Ok(LexerOutput { meta: LexerMeta { raw_match: "foo", index: 15, lineno: 1, colno: 17 }, data: Ident("foo") })
[TRACE] Entering Ident
[INFO] token found: Ok(LexerOutput { meta: LexerMeta { raw_match: "foo", index: 15, lineno: 1, colno: 17 }, data: Ident("foo") })
[INFO] token found: Ok(LexerOutput { meta: LexerMeta { raw_match: "=", index: 19, lineno: 1, colno: 19 }, data: Eq })
[TRACE] Error @ LexerError(DoesNotMatch(ErrorMeta { lineno: 1, colno: 19, display: "=" }))
[INFO] token found: Ok(LexerOutput { meta: LexerMeta { raw_match: "foo", index: 15, lineno: 1, colno: 17 }, data: Ident("foo") })
[TRACE] Entering Ident
[INFO] token found: Ok(LexerOutput { meta: LexerMeta { raw_match: "foo", index: 15, lineno: 1, colno: 17 }, data: Ident("foo") })
[INFO] token found: Ok(LexerOutput { meta: LexerMeta { raw_match: "=", index: 19, lineno: 1, colno: 19 }, data: Eq })
[INFO] token found: Ok(LexerOutput { meta: LexerMeta { raw_match: "fn", index: 21, lineno: 1, colno: 22 }, data: Fn })
[TRACE] Entering Expression
[INFO] token found: Ok(LexerOutput { meta: LexerMeta { raw_match: "fn", index: 21, lineno: 1, colno: 22 }, data: Fn })
[INFO] token found: Ok(LexerOutput { meta: LexerMeta { raw_match: "fn", index: 21, lineno: 1, colno: 22 }, data: Fn })
[INFO] token found: Ok(LexerOutput { meta: LexerMeta { raw_match: "fn", index: 21, lineno: 1, colno: 22 }, data: Fn })
[INFO] token found: Ok(LexerOutput { meta: LexerMeta { raw_match: "fn", index: 21, lineno: 1, colno: 22 }, data: Fn })
[TRACE] Error @ LexerError(DoesNotMatch(ErrorMeta { lineno: 1, colno: 22, display: "fn" }))
[INFO] token found: Ok(LexerOutput { meta: LexerMeta { raw_match: "fn", index: 21, lineno: 1, colno: 22 }, data: Fn })
[TRACE] Entering Non Math Expression
[INFO] token found: Ok(LexerOutput { meta: LexerMeta { raw_match: "fn", index: 21, lineno: 1, colno: 22 }, data: Fn })
[TRACE] Entering base expression
[INFO] token found: Ok(LexerOutput { meta: LexerMeta { raw_match: "fn", index: 21, lineno: 1, colno: 22 }, data: Fn })
[INFO] token found: Ok(LexerOutput { meta: LexerMeta { raw_match: "fn", index: 21, lineno: 1, colno: 22 }, data: Fn })
[TRACE] Entering Ident
[INFO] token found: Ok(LexerOutput { meta: LexerMeta { raw_match: "fn", index: 21, lineno: 1, colno: 22 }, data: Fn })
[TRACE] Error @ LexerError(DoesNotMatch(ErrorMeta { lineno: 1, colno: 22, display: "fn" }))
[INFO] token found: Ok(LexerOutput { meta: LexerMeta { raw_match: "fn", index: 21, lineno: 1, colno: 22 }, data: Fn })
[INFO] token found: Ok(LexerOutput { meta: LexerMeta { raw_match: "fn", index: 21, lineno: 1, colno: 22 }, data: Fn })
[INFO] token found: Ok(LexerOutput { meta: LexerMeta { raw_match: "fn", index: 21, lineno: 1, colno: 22 }, data: Fn })
[TRACE] Entered TypeDef
[INFO] token found: Ok(LexerOutput { meta: LexerMeta { raw_match: "fn", index: 21, lineno: 1, colno: 22 }, data: Fn })
[TRACE] entering Function
[INFO] token found: Ok(LexerOutput { meta: LexerMeta { raw_match: "fn", index: 21, lineno: 1, colno: 22 }, data: Fn })
[INFO] token found: Ok(LexerOutput { meta: LexerMeta { raw_match: "(", index: 24, lineno: 1, colno: 24 }, data: OParen })
[INFO] token found: Ok(LexerOutput { meta: LexerMeta { raw_match: "a", index: 25, lineno: 1, colno: 25 }, data: Ident("a") })
[INFO] token found: Ok(LexerOutput { meta: LexerMeta { raw_match: "a", index: 25, lineno: 1, colno: 25 }, data: Ident("a") })
[TRACE] Entering Ident Pair
[INFO] token found: Ok(LexerOutput { meta: LexerMeta { raw_match: "a", index: 25, lineno: 1, colno: 25 }, data: Ident("a") })
[TRACE] Entering Ident
[INFO] token found: Ok(LexerOutput { meta: LexerMeta { raw_match: "a", index: 25, lineno: 1, colno: 25 }, data: Ident("a") })
[INFO] token found: Ok(LexerOutput { meta: LexerMeta { raw_match: ":", index: 26, lineno: 1, colno: 26 }, data: Colon })
[INFO] token found: Ok(LexerOutput { meta: LexerMeta { raw_match: "b", index: 27, lineno: 1, colno: 27 }, data: Ident("b") })
[TRACE] Entering Ident
[INFO] token found: Ok(LexerOutput { meta: LexerMeta { raw_match: "b", index: 27, lineno: 1, colno: 27 }, data: Ident("b") })
[INFO] token found: Ok(LexerOutput { meta: LexerMeta { raw_match: ",", index: 28, lineno: 1, colno: 28 }, data: Comma })
[INFO] token found: Ok(LexerOutput { meta: LexerMeta { raw_match: "c", index: 30, lineno: 1, colno: 30 }, data: Ident("c") })
[INFO] token found: Ok(LexerOutput { meta: LexerMeta { raw_match: "c", index: 30, lineno: 1, colno: 30 }, data: Ident("c") })
[TRACE] Entering Ident Pair
[INFO] token found: Ok(LexerOutput { meta: LexerMeta { raw_match: "c", index: 30, lineno: 1, colno: 30 }, data: Ident("c") })
[TRACE] Entering Ident
[INFO] token found: Ok(LexerOutput { meta: LexerMeta { raw_match: "c", index: 30, lineno: 1, colno: 30 }, data: Ident("c") })
[INFO] token found: Ok(LexerOutput { meta: LexerMeta { raw_match: ":", index: 31, lineno: 1, colno: 31 }, data: Colon })
[INFO] token found: Ok(LexerOutput { meta: LexerMeta { raw_match: "d", index: 32, lineno: 1, colno: 32 }, data: Ident("d") })
[TRACE] Entering Ident
[INFO] token found: Ok(LexerOutput { meta: LexerMeta { raw_match: "d", index: 32, lineno: 1, colno: 32 }, data: Ident("d") })
[INFO] token found: Ok(LexerOutput { meta: LexerMeta { raw_match: ",", index: 33, lineno: 1, colno: 33 }, data: Comma })
[INFO] token found: Ok(LexerOutput { meta: LexerMeta { raw_match: "d", index: 35, lineno: 1, colno: 35 }, data: Ident("d") })
[INFO] token found: Ok(LexerOutput { meta: LexerMeta { raw_match: "d", index: 35, lineno: 1, colno: 35 }, data: Ident("d") })
[TRACE] Entering Ident Pair
[INFO] token found: Ok(LexerOutput { meta: LexerMeta { raw_match: "d", index: 35, lineno: 1, colno: 35 }, data: Ident("d") })
[TRACE] Entering Ident
[INFO] token found: Ok(LexerOutput { meta: LexerMeta { raw_match: "d", index: 35, lineno: 1, colno: 35 }, data: Ident("d") })
[INFO] token found: Ok(LexerOutput { meta: LexerMeta { raw_match: ":", index: 36, lineno: 1, colno: 36 }, data: Colon })
[INFO] token found: Ok(LexerOutput { meta: LexerMeta { raw_match: "f", index: 37, lineno: 1, colno: 37 }, data: Ident("f") })
[TRACE] Entering Ident
[INFO] token found: Ok(LexerOutput { meta: LexerMeta { raw_match: "f", index: 37, lineno: 1, colno: 37 }, data: Ident("f") })
[INFO] token found: Ok(LexerOutput { meta: LexerMeta { raw_match: ")", index: 38, lineno: 1, colno: 38 }, data: CParen })
[INFO] token found: Ok(LexerOutput { meta: LexerMeta { raw_match: ")", index: 38, lineno: 1, colno: 38 }, data: CParen })
[INFO] token found: Ok(LexerOutput { meta: LexerMeta { raw_match: ")", index: 38, lineno: 1, colno: 38 }, data: CParen })
[TRACE] Entering Ident Pair
[INFO] token found: Ok(LexerOutput { meta: LexerMeta { raw_match: ")", index: 38, lineno: 1, colno: 38 }, data: CParen })
[TRACE] Entering Ident
[INFO] token found: Ok(LexerOutput { meta: LexerMeta { raw_match: ")", index: 38, lineno: 1, colno: 38 }, data: CParen })
[TRACE] Error @ LexerError(DoesNotMatch(ErrorMeta { lineno: 1, colno: 38, display: ")" }))
[TRACE] Error @ LexerError(DoesNotMatch(ErrorMeta { lineno: 1, colno: 38, display: ")" }))
[INFO] token found: Ok(LexerOutput { meta: LexerMeta { raw_match: ")", index: 38, lineno: 1, colno: 38 }, data: CParen })
[INFO] token found: Ok(LexerOutput { meta: LexerMeta { raw_match: "->", index: 40, lineno: 1, colno: 41 }, data: SkinnyArrow })
[INFO] token found: Ok(LexerOutput { meta: LexerMeta { raw_match: "foo", index: 43, lineno: 1, colno: 45 }, data: Ident("foo") })
[TRACE] Entering Ident
[INFO] token found: Ok(LexerOutput { meta: LexerMeta { raw_match: "foo", index: 43, lineno: 1, colno: 45 }, data: Ident("foo") })
[INFO] token found: Ok(LexerOutput { meta: LexerMeta { raw_match: "{", index: 47, lineno: 1, colno: 47 }, data: OCBracket })
[INFO] token found: Ok(LexerOutput { meta: LexerMeta { raw_match: "let", index: 61, lineno: 2, colno: 15 }, data: Let })
[INFO] token found: Ok(LexerOutput { meta: LexerMeta { raw_match: "let", index: 61, lineno: 2, colno: 15 }, data: Let })
[TRACE] Entering Statment
[INFO] token found: Ok(LexerOutput { meta: LexerMeta { raw_match: "let", index: 61, lineno: 2, colno: 15 }, data: Let })
[TRACE] Entered Assignment
[INFO] token found: Ok(LexerOutput { meta: LexerMeta { raw_match: "let", index: 61, lineno: 2, colno: 15 }, data: Let })
[INFO] token found: Ok(LexerOutput { meta: LexerMeta { raw_match: "let", index: 61, lineno: 2, colno: 15 }, data: Let })
[INFO] token found: Ok(LexerOutput { meta: LexerMeta { raw_match: "let", index: 61, lineno: 2, colno: 15 }, data: Let })
[INFO] token found: Ok(LexerOutput { meta: LexerMeta { raw_match: "x", index: 65, lineno: 2, colno: 17 }, data: Ident("x") })
[INFO] token found: Ok(LexerOutput { meta: LexerMeta { raw_match: "x", index: 65, lineno: 2, colno: 17 }, data: Ident("x") })
[INFO] token found: Ok(LexerOutput { meta: LexerMeta { raw_match: "x", index: 65, lineno: 2, colno: 17 }, data: Ident("x") })
[TRACE] Entering Ident Pair
[INFO] token found: Ok(LexerOutput { meta: LexerMeta { raw_match: "x", index: 65, lineno: 2, colno: 17 }, data: Ident("x") })
[TRACE] Entering Ident
[INFO] token found: Ok(LexerOutput { meta: LexerMeta { raw_match: "x", index: 65, lineno: 2, colno: 17 }, data: Ident("x") })
[INFO] token found: Ok(LexerOutput { meta: LexerMeta { raw_match: "=", index: 67, lineno: 2, colno: 19 }, data: Eq })
[TRACE] Error @ LexerError(DoesNotMatch(ErrorMeta { lineno: 2, colno: 19, display: "=" }))
[INFO] token found: Ok(LexerOutput { meta: LexerMeta { raw_match: "x", index: 65, lineno: 2, colno: 17 }, data: Ident("x") })
[TRACE] Entering Ident
[INFO] token found: Ok(LexerOutput { meta: LexerMeta { raw_match: "x", index: 65, lineno: 2, colno: 17 }, data: Ident("x") })
[INFO] token found: Ok(LexerOutput { meta: LexerMeta { raw_match: "=", index: 67, lineno: 2, colno: 19 }, data: Eq })
[INFO] token found: Ok(LexerOutput { meta: LexerMeta { raw_match: "2", index: 69, lineno: 2, colno: 21 }, data: IntLit("2") })
[TRACE] Entering Expression
[INFO] token found: Ok(LexerOutput { meta: LexerMeta { raw_match: "2", index: 69, lineno: 2, colno: 21 }, data: IntLit("2") })
[INFO] token found: Ok(LexerOutput { meta: LexerMeta { raw_match: "2", index: 69, lineno: 2, colno: 21 }, data: IntLit("2") })
[INFO] token found: Ok(LexerOutput { meta: LexerMeta { raw_match: "2", index: 69, lineno: 2, colno: 21 }, data: IntLit("2") })
[INFO] token found: Ok(LexerOutput { meta: LexerMeta { raw_match: "2", index: 69, lineno: 2, colno: 21 }, data: IntLit("2") })
[TRACE] Error @ LexerError(DoesNotMatch(ErrorMeta { lineno: 2, colno: 21, display: "2" }))
[INFO] token found: Ok(LexerOutput { meta: LexerMeta { raw_match: "2", index: 69, lineno: 2, colno: 21 }, data: IntLit("2") })
[TRACE] Entering Non Math Expression
[INFO] token found: Ok(LexerOutput { meta: LexerMeta { raw_match: "2", index: 69, lineno: 2, colno: 21 }, data: IntLit("2") })
[TRACE] Entering base expression
[INFO] token found: Ok(LexerOutput { meta: LexerMeta { raw_match: "2", index: 69, lineno: 2, colno: 21 }, data: IntLit("2") })
[INFO] token found: Ok(LexerOutput { meta: LexerMeta { raw_match: "2", index: 69, lineno: 2, colno: 21 }, data: IntLit("2") })
[TRACE] Entering Ident
[INFO] token found: Ok(LexerOutput { meta: LexerMeta { raw_match: "2", index: 69, lineno: 2, colno: 21 }, data: IntLit("2") })
[TRACE] Error @ LexerError(DoesNotMatch(ErrorMeta { lineno: 2, colno: 21, display: "2" }))
[INFO] token found: Ok(LexerOutput { meta: LexerMeta { raw_match: "2", index: 69, lineno: 2, colno: 21 }, data: IntLit("2") })
[INFO] token found: Ok(LexerOutput { meta: LexerMeta { raw_match: "2", index: 69, lineno: 2, colno: 21 }, data: IntLit("2") })
[INFO] token found: Ok(LexerOutput { meta: LexerMeta { raw_match: ";", index: 70, lineno: 2, colno: 22 }, data: SemiColon })
[INFO] token found: Ok(LexerOutput { meta: LexerMeta { raw_match: ";", index: 70, lineno: 2, colno: 22 }, data: SemiColon })
[INFO] token found: Ok(LexerOutput { meta: LexerMeta { raw_match: ";", index: 70, lineno: 2, colno: 22 }, data: SemiColon })
[INFO] token found: Ok(LexerOutput { meta: LexerMeta { raw_match: ";", index: 70, lineno: 2, colno: 22 }, data: SemiColon })
[INFO] token found: Ok(LexerOutput { meta: LexerMeta { raw_match: ";", index: 70, lineno: 2, colno: 22 }, data: SemiColon })
[TRACE] Error @ LexerError(DoesNotMatch(ErrorMeta { lineno: 2, colno: 22, display: ";" }))
[INFO] token found: Ok(LexerOutput { meta: LexerMeta { raw_match: "2", index: 69, lineno: 2, colno: 21 }, data: IntLit("2") })
[TRACE] Entering Logical Or Expression
[INFO] token found: Ok(LexerOutput { meta: LexerMeta { raw_match: "2", index: 69, lineno: 2, colno: 21 }, data: IntLit("2") })
[TRACE] Entering Logical And Expression
[INFO] token found: Ok(LexerOutput { meta: LexerMeta { raw_match: "2", index: 69, lineno: 2, colno: 21 }, data: IntLit("2") })
[TRACE] Entering Binary Or Expression
[INFO] token found: Ok(LexerOutput { meta: LexerMeta { raw_match: "2", index: 69, lineno: 2, colno: 21 }, data: IntLit("2") })
[TRACE] Entering Xor Expression
[INFO] token found: Ok(LexerOutput { meta: LexerMeta { raw_match: "2", index: 69, lineno: 2, colno: 21 }, data: IntLit("2") })
[TRACE] Entering Binary And Expression
[INFO] token found: Ok(LexerOutput { meta: LexerMeta { raw_match: "2", index: 69, lineno: 2, colno: 21 }, data: IntLit("2") })
[TRACE] Entering Equality Expression
[INFO] token found: Ok(LexerOutput { meta: LexerMeta { raw_match: "2", index: 69, lineno: 2, colno: 21 }, data: IntLit("2") })
[TRACE] Entering Relational Expression
[INFO] token found: Ok(LexerOutput { meta: LexerMeta { raw_match: "2", index: 69, lineno: 2, colno: 21 }, data: IntLit("2") })
[TRACE] Entering Shift Expression
[INFO] token found: Ok(LexerOutput { meta: LexerMeta { raw_match: "2", index: 69, lineno: 2, colno: 21 }, data: IntLit("2") })
[TRACE] Entering additive expression
[INFO] token found: Ok(LexerOutput { meta: LexerMeta { raw_match: "2", index: 69, lineno: 2, colno: 21 }, data: IntLit("2") })
[TRACE] Entering multiplicative expression
[INFO] token found: Ok(LexerOutput { meta: LexerMeta { raw_match: "2", index: 69, lineno: 2, colno: 21 }, data: IntLit("2") })
[INFO] token found: Ok(LexerOutput { meta: LexerMeta { raw_match: "2", index: 69, lineno: 2, colno: 21 }, data: IntLit("2") })
[INFO] token found: Ok(LexerOutput { meta: LexerMeta { raw_match: "2", index: 69, lineno: 2, colno: 21 }, data: IntLit("2") })
[TRACE] Error @ LexerError(DoesNotMatch(ErrorMeta { lineno: 2, colno: 21, display: "2" }))
[INFO] token found: Ok(LexerOutput { meta: LexerMeta { raw_match: "2", index: 69, lineno: 2, colno: 21 }, data: IntLit("2") })
[TRACE] Entering Non Math Expression
[INFO] token found: Ok(LexerOutput { meta: LexerMeta { raw_match: "2", index: 69, lineno: 2, colno: 21 }, data: IntLit("2") })
[TRACE] Entering base expression
[INFO] token found: Ok(LexerOutput { meta: LexerMeta { raw_match: "2", index: 69, lineno: 2, colno: 21 }, data: IntLit("2") })
[INFO] token found: Ok(LexerOutput { meta: LexerMeta { raw_match: "2", index: 69, lineno: 2, colno: 21 }, data: IntLit("2") })
[TRACE] Entering Ident
[INFO] token found: Ok(LexerOutput { meta: LexerMeta { raw_match: "2", index: 69, lineno: 2, colno: 21 }, data: IntLit("2") })
[TRACE] Error @ LexerError(DoesNotMatch(ErrorMeta { lineno: 2, colno: 21, display: "2" }))
[INFO] token found: Ok(LexerOutput { meta: LexerMeta { raw_match: "2", index: 69, lineno: 2, colno: 21 }, data: IntLit("2") })
[INFO] token found: Ok(LexerOutput { meta: LexerMeta { raw_match: "2", index: 69, lineno: 2, colno: 21 }, data: IntLit("2") })
[INFO] token found: Ok(LexerOutput { meta: LexerMeta { raw_match: ";", index: 70, lineno: 2, colno: 22 }, data: SemiColon })
[INFO] token found: Ok(LexerOutput { meta: LexerMeta { raw_match: ";", index: 70, lineno: 2, colno: 22 }, data: SemiColon })
[INFO] token found: Ok(LexerOutput { meta: LexerMeta { raw_match: ";", index: 70, lineno: 2, colno: 22 }, data: SemiColon })
[INFO] token found: Ok(LexerOutput { meta: LexerMeta { raw_match: ";", index: 70, lineno: 2, colno: 22 }, data: SemiColon })
[INFO] token found: Ok(LexerOutput { meta: LexerMeta { raw_match: ";", index: 70, lineno: 2, colno: 22 }, data: SemiColon })
[INFO] token found: Ok(LexerOutput { meta: LexerMeta { raw_match: ";", index: 70, lineno: 2, colno: 22 }, data: SemiColon })
[TRACE] Error @ LexerError(DoesNotMatch(ErrorMeta { lineno: 2, colno: 22, display: ";" }))
[INFO] token found: Ok(LexerOutput { meta: LexerMeta { raw_match: ";", index: 70, lineno: 2, colno: 22 }, data: SemiColon })
[INFO] token found: Ok(LexerOutput { meta: LexerMeta { raw_match: ";", index: 70, lineno: 2, colno: 22 }, data: SemiColon })
[INFO] token found: Ok(LexerOutput { meta: LexerMeta { raw_match: ";", index: 70, lineno: 2, colno: 22 }, data: SemiColon })
[INFO] token found: Ok(LexerOutput { meta: LexerMeta { raw_match: ";", index: 70, lineno: 2, colno: 22 }, data: SemiColon })
[TRACE] Error @ LexerError(DoesNotMatch(ErrorMeta { lineno: 2, colno: 22, display: ";" }))
[INFO] token found: Ok(LexerOutput { meta: LexerMeta { raw_match: ";", index: 70, lineno: 2, colno: 22 }, data: SemiColon })
[INFO] token found: Ok(LexerOutput { meta: LexerMeta { raw_match: ";", index: 70, lineno: 2, colno: 22 }, data: SemiColon })
[INFO] token found: Ok(LexerOutput { meta: LexerMeta { raw_match: ";", index: 70, lineno: 2, colno: 22 }, data: SemiColon })
[INFO] token found: Ok(LexerOutput { meta: LexerMeta { raw_match: ";", index: 70, lineno: 2, colno: 22 }, data: SemiColon })
[TRACE] Error @ LexerError(DoesNotMatch(ErrorMeta { lineno: 2, colno: 22, display: ";" }))
[INFO] token found: Ok(LexerOutput { meta: LexerMeta { raw_match: ";", index: 70, lineno: 2, colno: 22 }, data: SemiColon })
[INFO] token found: Ok(LexerOutput { meta: LexerMeta { raw_match: ";", index: 70, lineno: 2, colno: 22 }, data: SemiColon })
[INFO] token found: Ok(LexerOutput { meta: LexerMeta { raw_match: ";", index: 70, lineno: 2, colno: 22 }, data: SemiColon })
[INFO] token found: Ok(LexerOutput { meta: LexerMeta { raw_match: ";", index: 70, lineno: 2, colno: 22 }, data: SemiColon })
[TRACE] Error @ LexerError(DoesNotMatch(ErrorMeta { lineno: 2, colno: 22, display: ";" }))
[INFO] token found: Ok(LexerOutput { meta: LexerMeta { raw_match: ";", index: 70, lineno: 2, colno: 22 }, data: SemiColon })
[INFO] token found: Ok(LexerOutput { meta: LexerMeta { raw_match: ";", index: 70, lineno: 2, colno: 22 }, data: SemiColon })
[INFO] token found: Ok(LexerOutput { meta: LexerMeta { raw_match: ";", index: 70, lineno: 2, colno: 22 }, data: SemiColon })
[INFO] token found: Ok(LexerOutput { meta: LexerMeta { raw_match: ";", index: 70, lineno: 2, colno: 22 }, data: SemiColon })
[TRACE] Error @ LexerError(DoesNotMatch(ErrorMeta { lineno: 2, colno: 22, display: ";" }))
[INFO] token found: Ok(LexerOutput { meta: LexerMeta { raw_match: ";", index: 70, lineno: 2, colno: 22 }, data: SemiColon })
[INFO] token found: Ok(LexerOutput { meta: LexerMeta { raw_match: ";", index: 70, lineno: 2, colno: 22 }, data: SemiColon })
[INFO] token found: Ok(LexerOutput { meta: LexerMeta { raw_match: ";", index: 70, lineno: 2, colno: 22 }, data: SemiColon })
[INFO] token found: Ok(LexerOutput { meta: LexerMeta { raw_match: ";", index: 70, lineno: 2, colno: 22 }, data: SemiColon })
[TRACE] Error @ LexerError(DoesNotMatch(ErrorMeta { lineno: 2, colno: 22, display: ";" }))
[INFO] token found: Ok(LexerOutput { meta: LexerMeta { raw_match: ";", index: 70, lineno: 2, colno: 22 }, data: SemiColon })
[INFO] token found: Ok(LexerOutput { meta: LexerMeta { raw_match: ";", index: 70, lineno: 2, colno: 22 }, data: SemiColon })
[INFO] token found: Ok(LexerOutput { meta: LexerMeta { raw_match: ";", index: 70, lineno: 2, colno: 22 }, data: SemiColon })
[INFO] token found: Ok(LexerOutput { meta: LexerMeta { raw_match: ";", index: 70, lineno: 2, colno: 22 }, data: SemiColon })
[TRACE] Error @ LexerError(DoesNotMatch(ErrorMeta { lineno: 2, colno: 22, display: ";" }))
[INFO] token found: Ok(LexerOutput { meta: LexerMeta { raw_match: ";", index: 70, lineno: 2, colno: 22 }, data: SemiColon })
[INFO] token found: Ok(LexerOutput { meta: LexerMeta { raw_match: ";", index: 70, lineno: 2, colno: 22 }, data: SemiColon })
[INFO] token found: Ok(LexerOutput { meta: LexerMeta { raw_match: ";", index: 70, lineno: 2, colno: 22 }, data: SemiColon })
[INFO] token found: Ok(LexerOutput { meta: LexerMeta { raw_match: ";", index: 70, lineno: 2, colno: 22 }, data: SemiColon })
[TRACE] Error @ LexerError(DoesNotMatch(ErrorMeta { lineno: 2, colno: 22, display: ";" }))
[INFO] token found: Ok(LexerOutput { meta: LexerMeta { raw_match: ";", index: 70, lineno: 2, colno: 22 }, data: SemiColon })
[INFO] token found: Ok(LexerOutput { meta: LexerMeta { raw_match: ";", index: 70, lineno: 2, colno: 22 }, data: SemiColon })
[INFO] token found: Ok(LexerOutput { meta: LexerMeta { raw_match: ";", index: 70, lineno: 2, colno: 22 }, data: SemiColon })
[INFO] token found: Ok(LexerOutput { meta: LexerMeta { raw_match: ";", index: 70, lineno: 2, colno: 22 }, data: SemiColon })
[TRACE] Error @ LexerError(DoesNotMatch(ErrorMeta { lineno: 2, colno: 22, display: ";" }))
[INFO] token found: Ok(LexerOutput { meta: LexerMeta { raw_match: ";", index: 70, lineno: 2, colno: 22 }, data: SemiColon })
[INFO] token found: Ok(LexerOutput { meta: LexerMeta { raw_match: ";", index: 70, lineno: 2, colno: 22 }, data: SemiColon })
[INFO] token found: Ok(LexerOutput { meta: LexerMeta { raw_match: ";", index: 70, lineno: 2, colno: 22 }, data: SemiColon })
[INFO] token found: Ok(LexerOutput { meta: LexerMeta { raw_match: ";", index: 70, lineno: 2, colno: 22 }, data: SemiColon })
[TRACE] Error @ LexerError(DoesNotMatch(ErrorMeta { lineno: 2, colno: 22, display: ";" }))
[TRACE] Error @ Other
[INFO] token found: Ok(LexerOutput { meta: LexerMeta { raw_match: "let", index: 61, lineno: 2, colno: 15 }, data: Let })
[TRACE] Entering Expression
[INFO] token found: Ok(LexerOutput { meta: LexerMeta { raw_match: "let", index: 61, lineno: 2, colno: 15 }, data: Let })
[INFO] token found: Ok(LexerOutput { meta: LexerMeta { raw_match: "let", index: 61, lineno: 2, colno: 15 }, data: Let })
[INFO] token found: Ok(LexerOutput { meta: LexerMeta { raw_match: "let", index: 61, lineno: 2, colno: 15 }, data: Let })
[INFO] token found: Ok(LexerOutput { meta: LexerMeta { raw_match: "let", index: 61, lineno: 2, colno: 15 }, data: Let })
[TRACE] Error @ LexerError(DoesNotMatch(ErrorMeta { lineno: 2, colno: 15, display: "let" }))
[INFO] token found: Ok(LexerOutput { meta: LexerMeta { raw_match: "let", index: 61, lineno: 2, colno: 15 }, data: Let })
[TRACE] Entering Non Math Expression
[INFO] token found: Ok(LexerOutput { meta: LexerMeta { raw_match: "let", index: 61, lineno: 2, colno: 15 }, data: Let })
[TRACE] Entering base expression
[INFO] token found: Ok(LexerOutput { meta: LexerMeta { raw_match: "let", index: 61, lineno: 2, colno: 15 }, data: Let })
[INFO] token found: Ok(LexerOutput { meta: LexerMeta { raw_match: "let", index: 61, lineno: 2, colno: 15 }, data: Let })
[TRACE] Entering Ident
[INFO] token found: Ok(LexerOutput { meta: LexerMeta { raw_match: "let", index: 61, lineno: 2, colno: 15 }, data: Let })
[TRACE] Error @ LexerError(DoesNotMatch(ErrorMeta { lineno: 2, colno: 15, display: "let" }))
[INFO] token found: Ok(LexerOutput { meta: LexerMeta { raw_match: "let", index: 61, lineno: 2, colno: 15 }, data: Let })
[INFO] token found: Ok(LexerOutput { meta: LexerMeta { raw_match: "let", index: 61, lineno: 2, colno: 15 }, data: Let })
[INFO] token found: Ok(LexerOutput { meta: LexerMeta { raw_match: "let", index: 61, lineno: 2, colno: 15 }, data: Let })
[TRACE] Entered TypeDef
[INFO] token found: Ok(LexerOutput { meta: LexerMeta { raw_match: "let", index: 61, lineno: 2, colno: 15 }, data: Let })
[TRACE] entering Function
[INFO] token found: Ok(LexerOutput { meta: LexerMeta { raw_match: "let", index: 61, lineno: 2, colno: 15 }, data: Let })
[TRACE] Error @ LexerError(DoesNotMatch(ErrorMeta { lineno: 2, colno: 15, display: "let" }))
[INFO] token found: Ok(LexerOutput { meta: LexerMeta { raw_match: "let", index: 61, lineno: 2, colno: 15 }, data: Let })
[INFO] token found: Ok(LexerOutput { meta: LexerMeta { raw_match: "let", index: 61, lineno: 2, colno: 15 }, data: Let })
[TRACE] Error @ LexerError(DoesNotMatch(ErrorMeta { lineno: 2, colno: 15, display: "let" }))
[INFO] token found: Ok(LexerOutput { meta: LexerMeta { raw_match: "let", index: 61, lineno: 2, colno: 15 }, data: Let })
[INFO] token found: Ok(LexerOutput { meta: LexerMeta { raw_match: "let", index: 61, lineno: 2, colno: 15 }, data: Let })
[TRACE] Error @ LexerError(DoesNotMatch(ErrorMeta { lineno: 2, colno: 15, display: "let" }))
[INFO] token found: Ok(LexerOutput { meta: LexerMeta { raw_match: "let", index: 61, lineno: 2, colno: 15 }, data: Let })
[INFO] token found: Ok(LexerOutput { meta: LexerMeta { raw_match: "let", index: 61, lineno: 2, colno: 15 }, data: Let })
[TRACE] Error @ LexerError(DoesNotMatch(ErrorMeta { lineno: 2, colno: 15, display: "let" }))
[INFO] token found: Ok(LexerOutput { meta: LexerMeta { raw_match: "let", index: 61, lineno: 2, colno: 15 }, data: Let })
[TRACE] Entering Ident
[INFO] token found: Ok(LexerOutput { meta: LexerMeta { raw_match: "let", index: 61, lineno: 2, colno: 15 }, data: Let })
[TRACE] Error @ LexerError(DoesNotMatch(ErrorMeta { lineno: 2, colno: 15, display: "let" }))
[TRACE] Error @ LexerError(DoesNotMatch(ErrorMeta { lineno: 2, colno: 15, display: "let" }))
[TRACE] Error @ LexerError(DoesNotMatch(ErrorMeta { lineno: 2, colno: 15, display: "let" }))
[INFO] token found: Ok(LexerOutput { meta: LexerMeta { raw_match: "let", index: 61, lineno: 2, colno: 15 }, data: Let })
[TRACE] Entering Logical Or Expression
[INFO] token found: Ok(LexerOutput { meta: LexerMeta { raw_match: "let", index: 61, lineno: 2, colno: 15 }, data: Let })
[TRACE] Entering Logical And Expression
[INFO] token found: Ok(LexerOutput { meta: LexerMeta { raw_match: "let", index: 61, lineno: 2, colno: 15 }, data: Let })
[TRACE] Entering Binary Or Expression
[INFO] token found: Ok(LexerOutput { meta: LexerMeta { raw_match: "let", index: 61, lineno: 2, colno: 15 }, data: Let })
[TRACE] Entering Xor Expression
[INFO] token found: Ok(LexerOutput { meta: LexerMeta { raw_match: "let", index: 61, lineno: 2, colno: 15 }, data: Let })
[TRACE] Entering Binary And Expression
[INFO] token found: Ok(LexerOutput { meta: LexerMeta { raw_match: "let", index: 61, lineno: 2, colno: 15 }, data: Let })
[TRACE] Entering Equality Expression
[INFO] token found: Ok(LexerOutput { meta: LexerMeta { raw_match: "let", index: 61, lineno: 2, colno: 15 }, data: Let })
[TRACE] Entering Relational Expression
[INFO] token found: Ok(LexerOutput { meta: LexerMeta { raw_match: "let", index: 61, lineno: 2, colno: 15 }, data: Let })
[TRACE] Entering Shift Expression
[INFO] token found: Ok(LexerOutput { meta: LexerMeta { raw_match: "let", index: 61, lineno: 2, colno: 15 }, data: Let })
[TRACE] Entering additive expression
[INFO] token found: Ok(LexerOutput { meta: LexerMeta { raw_match: "let", index: 61, lineno: 2, colno: 15 }, data: Let })
[TRACE] Entering multiplicative expression
[INFO] token found: Ok(LexerOutput { meta: LexerMeta { raw_match: "let", index: 61, lineno: 2, colno: 15 }, data: Let })
[INFO] token found: Ok(LexerOutput { meta: LexerMeta { raw_match: "let", index: 61, lineno: 2, colno: 15 }, data: Let })
[INFO] token found: Ok(LexerOutput { meta: LexerMeta { raw_match: "let", index: 61, lineno: 2, colno: 15 }, data: Let })
[TRACE] Error @ LexerError(DoesNotMatch(ErrorMeta { lineno: 2, colno: 15, display: "let" }))
[INFO] token found: Ok(LexerOutput { meta: LexerMeta { raw_match: "let", index: 61, lineno: 2, colno: 15 }, data: Let })
[TRACE] Entering Non Math Expression
[INFO] token found: Ok(LexerOutput { meta: LexerMeta { raw_match: "let", index: 61, lineno: 2, colno: 15 }, data: Let })
[TRACE] Entering base expression
[INFO] token found: Ok(LexerOutput { meta: LexerMeta { raw_match: "let", index: 61, lineno: 2, colno: 15 }, data: Let })
[INFO] token found: Ok(LexerOutput { meta: LexerMeta { raw_match: "let", index: 61, lineno: 2, colno: 15 }, data: Let })
[TRACE] Entering Ident
[INFO] token found: Ok(LexerOutput { meta: LexerMeta { raw_match: "let", index: 61, lineno: 2, colno: 15 }, data: Let })
[TRACE] Error @ LexerError(DoesNotMatch(ErrorMeta { lineno: 2, colno: 15, display: "let" }))
[INFO] token found: Ok(LexerOutput { meta: LexerMeta { raw_match: "let", index: 61, lineno: 2, colno: 15 }, data: Let })
[INFO] token found: Ok(LexerOutput { meta: LexerMeta { raw_match: "let", index: 61, lineno: 2, colno: 15 }, data: Let })
[INFO] token found: Ok(LexerOutput { meta: LexerMeta { raw_match: "let", index: 61, lineno: 2, colno: 15 }, data: Let })
[TRACE] Entered TypeDef
[INFO] token found: Ok(LexerOutput { meta: LexerMeta { raw_match: "let", index: 61, lineno: 2, colno: 15 }, data: Let })
[TRACE] entering Function
[INFO] token found: Ok(LexerOutput { meta: LexerMeta { raw_match: "let", index: 61, lineno: 2, colno: 15 }, data: Let })
[TRACE] Error @ LexerError(DoesNotMatch(ErrorMeta { lineno: 2, colno: 15, display: "let" }))
[INFO] token found: Ok(LexerOutput { meta: LexerMeta { raw_match: "let", index: 61, lineno: 2, colno: 15 }, data: Let })
[INFO] token found: Ok(LexerOutput { meta: LexerMeta { raw_match: "let", index: 61, lineno: 2, colno: 15 }, data: Let })
[TRACE] Error @ LexerError(DoesNotMatch(ErrorMeta { lineno: 2, colno: 15, display: "let" }))
[INFO] token found: Ok(LexerOutput { meta: LexerMeta { raw_match: "let", index: 61, lineno: 2, colno: 15 }, data: Let })
[INFO] token found: Ok(LexerOutput { meta: LexerMeta { raw_match: "let", index: 61, lineno: 2, colno: 15 }, data: Let })
[TRACE] Error @ LexerError(DoesNotMatch(ErrorMeta { lineno: 2, colno: 15, display: "let" }))
[INFO] token found: Ok(LexerOutput { meta: LexerMeta { raw_match: "let", index: 61, lineno: 2, colno: 15 }, data: Let })
[INFO] token found: Ok(LexerOutput { meta: LexerMeta { raw_match: "let", index: 61, lineno: 2, colno: 15 }, data: Let })
[TRACE] Error @ LexerError(DoesNotMatch(ErrorMeta { lineno: 2, colno: 15, display: "let" }))
[INFO] token found: Ok(LexerOutput { meta: LexerMeta { raw_match: "let", index: 61, lineno: 2, colno: 15 }, data: Let })
[TRACE] Entering Ident
[INFO] token found: Ok(LexerOutput { meta: LexerMeta { raw_match: "let", index: 61, lineno: 2, colno: 15 }, data: Let })
[TRACE] Error @ LexerError(DoesNotMatch(ErrorMeta { lineno: 2, colno: 15, display: "let" }))
[TRACE] Error @ LexerError(DoesNotMatch(ErrorMeta { lineno: 2, colno: 15, display: "let" }))
[TRACE] Error @ LexerError(DoesNotMatch(ErrorMeta { lineno: 2, colno: 15, display: "let" }))
[TRACE] Error @ LexerError(DoesNotMatch(ErrorMeta { lineno: 2, colno: 15, display: "let" }))
[TRACE] Error @ LexerError(DoesNotMatch(ErrorMeta { lineno: 2, colno: 15, display: "let" }))
[INFO] token found: Ok(LexerOutput { meta: LexerMeta { raw_match: "let", index: 61, lineno: 2, colno: 15 }, data: Let })
[INFO] token found: Ok(LexerOutput { meta: LexerMeta { raw_match: "let", index: 61, lineno: 2, colno: 15 }, data: Let })
[TRACE] Entering Statment
[INFO] token found: Ok(LexerOutput { meta: LexerMeta { raw_match: "let", index: 61, lineno: 2, colno: 15 }, data: Let })
[TRACE] Entered Assignment
[INFO] token found: Ok(LexerOutput { meta: LexerMeta { raw_match: "let", index: 61, lineno: 2, colno: 15 }, data: Let })
[INFO] token found: Ok(LexerOutput { meta: LexerMeta { raw_match: "let", index: 61, lineno: 2, colno: 15 }, data: Let })
[INFO] token found: Ok(LexerOutput { meta: LexerMeta { raw_match: "let", index: 61, lineno: 2, colno: 15 }, data: Let })
[INFO] token found: Ok(LexerOutput { meta: LexerMeta { raw_match: "x", index: 65, lineno: 2, colno: 17 }, data: Ident("x") })
[INFO] token found: Ok(LexerOutput { meta: LexerMeta { raw_match: "x", index: 65, lineno: 2, colno: 17 }, data: Ident("x") })
[INFO] token found: Ok(LexerOutput { meta: LexerMeta { raw_match: "x", index: 65, lineno: 2, colno: 17 }, data: Ident("x") })
[TRACE] Entering Ident Pair
[INFO] token found: Ok(LexerOutput { meta: LexerMeta { raw_match: "x", index: 65, lineno: 2, colno: 17 }, data: Ident("x") })
[TRACE] Entering Ident
[INFO] token found: Ok(LexerOutput { meta: LexerMeta { raw_match: "x", index: 65, lineno: 2, colno: 17 }, data: Ident("x") })
[INFO] token found: Ok(LexerOutput { meta: LexerMeta { raw_match: "=", index: 67, lineno: 2, colno: 19 }, data: Eq })
[TRACE] Error @ LexerError(DoesNotMatch(ErrorMeta { lineno: 2, colno: 19, display: "=" }))
[INFO] token found: Ok(LexerOutput { meta: LexerMeta { raw_match: "x", index: 65, lineno: 2, colno: 17 }, data: Ident("x") })
[TRACE] Entering Ident
[INFO] token found: Ok(LexerOutput { meta: LexerMeta { raw_match: "x", index: 65, lineno: 2, colno: 17 }, data: Ident("x") })
[INFO] token found: Ok(LexerOutput { meta: LexerMeta { raw_match: "=", index: 67, lineno: 2, colno: 19 }, data: Eq })
[INFO] token found: Ok(LexerOutput { meta: LexerMeta { raw_match: "2", index: 69, lineno: 2, colno: 21 }, data: IntLit("2") })
[TRACE] Entering Expression
[INFO] token found: Ok(LexerOutput { meta: LexerMeta { raw_match: "2", index: 69, lineno: 2, colno: 21 }, data: IntLit("2") })
[INFO] token found: Ok(LexerOutput { meta: LexerMeta { raw_match: "2", index: 69, lineno: 2, colno: 21 }, data: IntLit("2") })
[INFO] token found: Ok(LexerOutput { meta: LexerMeta { raw_match: "2", index: 69, lineno: 2, colno: 21 }, data: IntLit("2") })
[INFO] token found: Ok(LexerOutput { meta: LexerMeta { raw_match: "2", index: 69, lineno: 2, colno: 21 }, data: IntLit("2") })
[TRACE] Error @ LexerError(DoesNotMatch(ErrorMeta { lineno: 2, colno: 21, display: "2" }))
[INFO] token found: Ok(LexerOutput { meta: LexerMeta { raw_match: "2", index: 69, lineno: 2, colno: 21 }, data: IntLit("2") })
[TRACE] Entering Non Math Expression
[INFO] token found: Ok(LexerOutput { meta: LexerMeta { raw_match: "2", index: 69, lineno: 2, colno: 21 }, data: IntLit("2") })
[TRACE] Entering base expression
[INFO] token found: Ok(LexerOutput { meta: LexerMeta { raw_match: "2", index: 69, lineno: 2, colno: 21 }, data: IntLit("2") })
[INFO] token found: Ok(LexerOutput { meta: LexerMeta { raw_match: "2", index: 69, lineno: 2, colno: 21 }, data: IntLit("2") })
[TRACE] Entering Ident
[INFO] token found: Ok(LexerOutput { meta: LexerMeta { raw_match: "2", index: 69, lineno: 2, colno: 21 }, data: IntLit("2") })
[TRACE] Error @ LexerError(DoesNotMatch(ErrorMeta { lineno: 2, colno: 21, display: "2" }))
[INFO] token found: Ok(LexerOutput { meta: LexerMeta { raw_match: "2", index: 69, lineno: 2, colno: 21 }, data: IntLit("2") })
[INFO] token found: Ok(LexerOutput { meta: LexerMeta { raw_match: "2", index: 69, lineno: 2, colno: 21 }, data: IntLit("2") })
[INFO] token found: Ok(LexerOutput { meta: LexerMeta { raw_match: ";", index: 70, lineno: 2, colno: 22 }, data: SemiColon })
[INFO] token found: Ok(LexerOutput { meta: LexerMeta { raw_match: ";", index: 70, lineno: 2, colno: 22 }, data: SemiColon })
[INFO] token found: Ok(LexerOutput { meta: LexerMeta { raw_match: ";", index: 70, lineno: 2, colno: 22 }, data: SemiColon })
[INFO] token found: Ok(LexerOutput { meta: LexerMeta { raw_match: ";", index: 70, lineno: 2, colno: 22 }, data: SemiColon })
[INFO] token found: Ok(LexerOutput { meta: LexerMeta { raw_match: ";", index: 70, lineno: 2, colno: 22 }, data: SemiColon })
[TRACE] Error @ LexerError(DoesNotMatch(ErrorMeta { lineno: 2, colno: 22, display: ";" }))
[INFO] token found: Ok(LexerOutput { meta: LexerMeta { raw_match: "2", index: 69, lineno: 2, colno: 21 }, data: IntLit("2") })
[TRACE] Entering Logical Or Expression
[INFO] token found: Ok(LexerOutput { meta: LexerMeta { raw_match: "2", index: 69, lineno: 2, colno: 21 }, data: IntLit("2") })
[TRACE] Entering Logical And Expression
[INFO] token found: Ok(LexerOutput { meta: LexerMeta { raw_match: "2", index: 69, lineno: 2, colno: 21 }, data: IntLit("2") })
[TRACE] Entering Binary Or Expression
[INFO] token found: Ok(LexerOutput { meta: LexerMeta { raw_match: "2", index: 69, lineno: 2, colno: 21 }, data: IntLit("2") })
[TRACE] Entering Xor Expression
[INFO] token found: Ok(LexerOutput { meta: LexerMeta { raw_match: "2", index: 69, lineno: 2, colno: 21 }, data: IntLit("2") })
[TRACE] Entering Binary And Expression
[INFO] token found: Ok(LexerOutput { meta: LexerMeta { raw_match: "2", index: 69, lineno: 2, colno: 21 }, data: IntLit("2") })
[TRACE] Entering Equality Expression
[INFO] token found: Ok(LexerOutput { meta: LexerMeta { raw_match: "2", index: 69, lineno: 2, colno: 21 }, data: IntLit("2") })
[TRACE] Entering Relational Expression
[INFO] token found: Ok(LexerOutput { meta: LexerMeta { raw_match: "2", index: 69, lineno: 2, colno: 21 }, data: IntLit("2") })
[TRACE] Entering Shift Expression
[INFO] token found: Ok(LexerOutput { meta: LexerMeta { raw_match: "2", index: 69, lineno: 2, colno: 21 }, data: IntLit("2") })
[TRACE] Entering additive expression
[INFO] token found: Ok(LexerOutput { meta: LexerMeta { raw_match: "2", index: 69, lineno: 2, colno: 21 }, data: IntLit("2") })
[TRACE] Entering multiplicative expression
[INFO] token found: Ok(LexerOutput { meta: LexerMeta { raw_match: "2", index: 69, lineno: 2, colno: 21 }, data: IntLit("2") })
[INFO] token found: Ok(LexerOutput { meta: LexerMeta { raw_match: "2", index: 69, lineno: 2, colno: 21 }, data: IntLit("2") })
[INFO] token found: Ok(LexerOutput { meta: LexerMeta { raw_match: "2", index: 69, lineno: 2, colno: 21 }, data: IntLit("2") })
[TRACE] Error @ LexerError(DoesNotMatch(ErrorMeta { lineno: 2, colno: 21, display: "2" }))
[INFO] token found: Ok(LexerOutput { meta: LexerMeta { raw_match: "2", index: 69, lineno: 2, colno: 21 }, data: IntLit("2") })
[TRACE] Entering Non Math Expression
[INFO] token found: Ok(LexerOutput { meta: LexerMeta { raw_match: "2", index: 69, lineno: 2, colno: 21 }, data: IntLit("2") })
[TRACE] Entering base expression
[INFO] token found: Ok(LexerOutput { meta: LexerMeta { raw_match: "2", index: 69, lineno: 2, colno: 21 }, data: IntLit("2") })
[INFO] token found: Ok(LexerOutput { meta: LexerMeta { raw_match: "2", index: 69, lineno: 2, colno: 21 }, data: IntLit("2") })
[TRACE] Entering Ident
[INFO] token found: Ok(LexerOutput { meta: LexerMeta { raw_match: "2", index: 69, lineno: 2, colno: 21 }, data: IntLit("2") })
[TRACE] Error @ LexerError(DoesNotMatch(ErrorMeta { lineno: 2, colno: 21, display: "2" }))
[INFO] token found: Ok(LexerOutput { meta: LexerMeta { raw_match: "2", index: 69, lineno: 2, colno: 21 }, data: IntLit("2") })
[INFO] token found: Ok(LexerOutput { meta: LexerMeta { raw_match: "2", index: 69, lineno: 2, colno: 21 }, data: IntLit("2") })
[INFO] token found: Ok(LexerOutput { meta: LexerMeta { raw_match: ";", index: 70, lineno: 2, colno: 22 }, data: SemiColon })
[INFO] token found: Ok(LexerOutput { meta: LexerMeta { raw_match: ";", index: 70, lineno: 2, colno: 22 }, data: SemiColon })
[INFO] token found: Ok(LexerOutput { meta: LexerMeta { raw_match: ";", index: 70, lineno: 2, colno: 22 }, data: SemiColon })
[INFO] token found: Ok(LexerOutput { meta: LexerMeta { raw_match: ";", index: 70, lineno: 2, colno: 22 }, data: SemiColon })
[INFO] token found: Ok(LexerOutput { meta: LexerMeta { raw_match: ";", index: 70, lineno: 2, colno: 22 }, data: SemiColon })
[INFO] token found: Ok(LexerOutput { meta: LexerMeta { raw_match: ";", index: 70, lineno: 2, colno: 22 }, data: SemiColon })
[TRACE] Error @ LexerError(DoesNotMatch(ErrorMeta { lineno: 2, colno: 22, display: ";" }))
[INFO] token found: Ok(LexerOutput { meta: LexerMeta { raw_match: ";", index: 70, lineno: 2, colno: 22 }, data: SemiColon })
[INFO] token found: Ok(LexerOutput { meta: LexerMeta { raw_match: ";", index: 70, lineno: 2, colno: 22 }, data: SemiColon })
[INFO] token found: Ok(LexerOutput { meta: LexerMeta { raw_match: ";", index: 70, lineno: 2, colno: 22 }, data: SemiColon })
[INFO] token found: Ok(LexerOutput { meta: LexerMeta { raw_match: ";", index: 70, lineno: 2, colno: 22 }, data: SemiColon })
[TRACE] Error @ LexerError(DoesNotMatch(ErrorMeta { lineno: 2, colno: 22, display: ";" }))
[INFO] token found: Ok(LexerOutput { meta: LexerMeta { raw_match: ";", index: 70, lineno: 2, colno: 22 }, data: SemiColon })
[INFO] token found: Ok(LexerOutput { meta: LexerMeta { raw_match: ";", index: 70, lineno: 2, colno: 22 }, data: SemiColon })
[INFO] token found: Ok(LexerOutput { meta: LexerMeta { raw_match: ";", index: 70, lineno: 2, colno: 22 }, data: SemiColon })
[INFO] token found: Ok(LexerOutput { meta: LexerMeta { raw_match: ";", index: 70, lineno: 2, colno: 22 }, data: SemiColon })
[TRACE] Error @ LexerError(DoesNotMatch(ErrorMeta { lineno: 2, colno: 22, display: ";" }))
[INFO] token found: Ok(LexerOutput { meta: LexerMeta { raw_match: ";", index: 70, lineno: 2, colno: 22 }, data: SemiColon })
[INFO] token found: Ok(LexerOutput { meta: LexerMeta { raw_match: ";", index: 70, lineno: 2, colno: 22 }, data: SemiColon })
[INFO] token found: Ok(LexerOutput { meta: LexerMeta { raw_match: ";", index: 70, lineno: 2, colno: 22 }, data: SemiColon })
[INFO] token found: Ok(LexerOutput { meta: LexerMeta { raw_match: ";", index: 70, lineno: 2, colno: 22 }, data: SemiColon })
[TRACE] Error @ LexerError(DoesNotMatch(ErrorMeta { lineno: 2, colno: 22, display: ";" }))
[INFO] token found: Ok(LexerOutput { meta: LexerMeta { raw_match: ";", index: 70, lineno: 2, colno: 22 }, data: SemiColon })
[INFO] token found: Ok(LexerOutput { meta: LexerMeta { raw_match: ";", index: 70, lineno: 2, colno: 22 }, data: SemiColon })
[INFO] token found: Ok(LexerOutput { meta: LexerMeta { raw_match: ";", index: 70, lineno: 2, colno: 22 }, data: SemiColon })
[INFO] token found: Ok(LexerOutput { meta: LexerMeta { raw_match: ";", index: 70, lineno: 2, colno: 22 }, data: SemiColon })
[TRACE] Error @ LexerError(DoesNotMatch(ErrorMeta { lineno: 2, colno: 22, display: ";" }))
[INFO] token found: Ok(LexerOutput { meta: LexerMeta { raw_match: ";", index: 70, lineno: 2, colno: 22 }, data: SemiColon })
[INFO] token found: Ok(LexerOutput { meta: LexerMeta { raw_match: ";", index: 70, lineno: 2, colno: 22 }, data: SemiColon })
[INFO] token found: Ok(LexerOutput { meta: LexerMeta { raw_match: ";", index: 70, lineno: 2, colno: 22 }, data: SemiColon })
[INFO] token found: Ok(LexerOutput { meta: LexerMeta { raw_match: ";", index: 70, lineno: 2, colno: 22 }, data: SemiColon })
[TRACE] Error @ LexerError(DoesNotMatch(ErrorMeta { lineno: 2, colno: 22, display: ";" }))
[INFO] token found: Ok(LexerOutput { meta: LexerMeta { raw_match: ";", index: 70, lineno: 2, colno: 22 }, data: SemiColon })
[INFO] token found: Ok(LexerOutput { meta: LexerMeta { raw_match: ";", index: 70, lineno: 2, colno: 22 }, data: SemiColon })
[INFO] token found: Ok(LexerOutput { meta: LexerMeta { raw_match: ";", index: 70, lineno: 2, colno: 22 }, data: SemiColon })
[INFO] token found: Ok(LexerOutput { meta: LexerMeta { raw_match: ";", index: 70, lineno: 2, colno: 22 }, data: SemiColon })
[TRACE] Error @ LexerError(DoesNotMatch(ErrorMeta { lineno: 2, colno: 22, display: ";" }))
[INFO] token found: Ok(LexerOutput { meta: LexerMeta { raw_match: ";", index: 70, lineno: 2, colno: 22 }, data: SemiColon })
[INFO] token found: Ok(LexerOutput { meta: LexerMeta { raw_match: ";", index: 70, lineno: 2, colno: 22 }, data: SemiColon })
[INFO] token found: Ok(LexerOutput { meta: LexerMeta { raw_match: ";", index: 70, lineno: 2, colno: 22 }, data: SemiColon })
[INFO] token found: Ok(LexerOutput { meta: LexerMeta { raw_match: ";", index: 70, lineno: 2, colno: 22 }, data: SemiColon })
[TRACE] Error @ LexerError(DoesNotMatch(ErrorMeta { lineno: 2, colno: 22, display: ";" }))
[INFO] token found: Ok(LexerOutput { meta: LexerMeta { raw_match: ";", index: 70, lineno: 2, colno: 22 }, data: SemiColon })
[INFO] token found: Ok(LexerOutput { meta: LexerMeta { raw_match: ";", index: 70, lineno: 2, colno: 22 }, data: SemiColon })
[INFO] token found: Ok(LexerOutput { meta: LexerMeta { raw_match: ";", index: 70, lineno: 2, colno: 22 }, data: SemiColon })
[INFO] token found: Ok(LexerOutput { meta: LexerMeta { raw_match: ";", index: 70, lineno: 2, colno: 22 }, data: SemiColon })
[TRACE] Error @ LexerError(DoesNotMatch(ErrorMeta { lineno: 2, colno: 22, display: ";" }))
[INFO] token found: Ok(LexerOutput { meta: LexerMeta { raw_match: ";", index: 70, lineno: 2, colno: 22 }, data: SemiColon })
[INFO] token found: Ok(LexerOutput { meta: LexerMeta { raw_match: ";", index: 70, lineno: 2, colno: 22 }, data: SemiColon })
[INFO] token found: Ok(LexerOutput { meta: LexerMeta { raw_match: ";", index: 70, lineno: 2, colno: 22 }, data: SemiColon })
[INFO] token found: Ok(LexerOutput { meta: LexerMeta { raw_match: ";", index: 70, lineno: 2, colno: 22 }, data: SemiColon })
[TRACE] Error @ LexerError(DoesNotMatch(ErrorMeta { lineno: 2, colno: 22, display: ";" }))
[TRACE] Error @ Other
[INFO] token found: Ok(LexerOutput { meta: LexerMeta { raw_match: "let", index: 61, lineno: 2, colno: 15 }, data: Let })
[TRACE] Entering Expression
[INFO] token found: Ok(LexerOutput { meta: LexerMeta { raw_match: "let", index: 61, lineno: 2, colno: 15 }, data: Let })
[INFO] token found: Ok(LexerOutput { meta: LexerMeta { raw_match: "let", index: 61, lineno: 2, colno: 15 }, data: Let })
[INFO] token found: Ok(LexerOutput { meta: LexerMeta { raw_match: "let", index: 61, lineno: 2, colno: 15 }, data: Let })
[INFO] token found: Ok(LexerOutput { meta: LexerMeta { raw_match: "let", index: 61, lineno: 2, colno: 15 }, data: Let })
[TRACE] Error @ LexerError(DoesNotMatch(ErrorMeta { lineno: 2, colno: 15, display: "let" }))
[INFO] token found: Ok(LexerOutput { meta: LexerMeta { raw_match: "let", index: 61, lineno: 2, colno: 15 }, data: Let })
[TRACE] Entering Non Math Expression
[INFO] token found: Ok(LexerOutput { meta: LexerMeta { raw_match: "let", index: 61, lineno: 2, colno: 15 }, data: Let })
[TRACE] Entering base expression
[INFO] token found: Ok(LexerOutput { meta: LexerMeta { raw_match: "let", index: 61, lineno: 2, colno: 15 }, data: Let })
[INFO] token found: Ok(LexerOutput { meta: LexerMeta { raw_match: "let", index: 61, lineno: 2, colno: 15 }, data: Let })
[TRACE] Entering Ident
[INFO] token found: Ok(LexerOutput { meta: LexerMeta { raw_match: "let", index: 61, lineno: 2, colno: 15 }, data: Let })
[TRACE] Error @ LexerError(DoesNotMatch(ErrorMeta { lineno: 2, colno: 15, display: "let" }))
[INFO] token found: Ok(LexerOutput { meta: LexerMeta { raw_match: "let", index: 61, lineno: 2, colno: 15 }, data: Let })
[INFO] token found: Ok(LexerOutput { meta: LexerMeta { raw_match: "let", index: 61, lineno: 2, colno: 15 }, data: Let })
[INFO] token found: Ok(LexerOutput { meta: LexerMeta { raw_match: "let", index: 61, lineno: 2, colno: 15 }, data: Let })
[TRACE] Entered TypeDef
[INFO] token found: Ok(LexerOutput { meta: LexerMeta { raw_match: "let", index: 61, lineno: 2, colno: 15 }, data: Let })
[TRACE] entering Function
[INFO] token found: Ok(LexerOutput { meta: LexerMeta { raw_match: "let", index: 61, lineno: 2, colno: 15 }, data: Let })
[TRACE] Error @ LexerError(DoesNotMatch(ErrorMeta { lineno: 2, colno: 15, display: "let" }))
[INFO] token found: Ok(LexerOutput { meta: LexerMeta { raw_match: "let", index: 61, lineno: 2, colno: 15 }, data: Let })
[INFO] token found: Ok(LexerOutput { meta: LexerMeta { raw_match: "let", index: 61, lineno: 2, colno: 15 }, data: Let })
[TRACE] Error @ LexerError(DoesNotMatch(ErrorMeta { lineno: 2, colno: 15, display: "let" }))
[INFO] token found: Ok(LexerOutput { meta: LexerMeta { raw_match: "let", index: 61, lineno: 2, colno: 15 }, data: Let })
[INFO] token found: Ok(LexerOutput { meta: LexerMeta { raw_match: "let", index: 61, lineno: 2, colno: 15 }, data: Let })
[TRACE] Error @ LexerError(DoesNotMatch(ErrorMeta { lineno: 2, colno: 15, display: "let" }))
[INFO] token found: Ok(LexerOutput { meta: LexerMeta { raw_match: "let", index: 61, lineno: 2, colno: 15 }, data: Let })
[INFO] token found: Ok(LexerOutput { meta: LexerMeta { raw_match: "let", index: 61, lineno: 2, colno: 15 }, data: Let })
[TRACE] Error @ LexerError(DoesNotMatch(ErrorMeta { lineno: 2, colno: 15, display: "let" }))
[INFO] token found: Ok(LexerOutput { meta: LexerMeta { raw_match: "let", index: 61, lineno: 2, colno: 15 }, data: Let })
[TRACE] Entering Ident
[INFO] token found: Ok(LexerOutput { meta: LexerMeta { raw_match: "let", index: 61, lineno: 2, colno: 15 }, data: Let })
[TRACE] Error @ LexerError(DoesNotMatch(ErrorMeta { lineno: 2, colno: 15, display: "let" }))
[TRACE] Error @ LexerError(DoesNotMatch(ErrorMeta { lineno: 2, colno: 15, display: "let" }))
[TRACE] Error @ LexerError(DoesNotMatch(ErrorMeta { lineno: 2, colno: 15, display: "let" }))
[INFO] token found: Ok(LexerOutput { meta: LexerMeta { raw_match: "let", index: 61, lineno: 2, colno: 15 }, data: Let })
[TRACE] Entering Logical Or Expression
[INFO] token found: Ok(LexerOutput { meta: LexerMeta { raw_match: "let", index: 61, lineno: 2, colno: 15 }, data: Let })
[TRACE] Entering Logical And Expression
[INFO] token found: Ok(LexerOutput { meta: LexerMeta { raw_match: "let", index: 61, lineno: 2, colno: 15 }, data: Let })
[TRACE] Entering Binary Or Expression
[INFO] token found: Ok(LexerOutput { meta: LexerMeta { raw_match: "let", index: 61, lineno: 2, colno: 15 }, data: Let })
[TRACE] Entering Xor Expression
[INFO] token found: Ok(LexerOutput { meta: LexerMeta { raw_match: "let", index: 61, lineno: 2, colno: 15 }, data: Let })
[TRACE] Entering Binary And Expression
[INFO] token found: Ok(LexerOutput { meta: LexerMeta { raw_match: "let", index: 61, lineno: 2, colno: 15 }, data: Let })
[TRACE] Entering Equality Expression
[INFO] token found: Ok(LexerOutput { meta: LexerMeta { raw_match: "let", index: 61, lineno: 2, colno: 15 }, data: Let })
[TRACE] Entering Relational Expression
[INFO] token found: Ok(LexerOutput { meta: LexerMeta { raw_match: "let", index: 61, lineno: 2, colno: 15 }, data: Let })
[TRACE] Entering Shift Expression
[INFO] token found: Ok(LexerOutput { meta: LexerMeta { raw_match: "let", index: 61, lineno: 2, colno: 15 }, data: Let })
[TRACE] Entering additive expression
[INFO] token found: Ok(LexerOutput { meta: LexerMeta { raw_match: "let", index: 61, lineno: 2, colno: 15 }, data: Let })
[TRACE] Entering multiplicative expression
[INFO] token found: Ok(LexerOutput { meta: LexerMeta { raw_match: "let", index: 61, lineno: 2, colno: 15 }, data: Let })
[INFO] token found: Ok(LexerOutput { meta: LexerMeta { raw_match: "let", index: 61, lineno: 2, colno: 15 }, data: Let })
[INFO] token found: Ok(LexerOutput { meta: LexerMeta { raw_match: "let", index: 61, lineno: 2, colno: 15 }, data: Let })
[TRACE] Error @ LexerError(DoesNotMatch(ErrorMeta { lineno: 2, colno: 15, display: "let" }))
[INFO] token found: Ok(LexerOutput { meta: LexerMeta { raw_match: "let", index: 61, lineno: 2, colno: 15 }, data: Let })
[TRACE] Entering Non Math Expression
[INFO] token found: Ok(LexerOutput { meta: LexerMeta { raw_match: "let", index: 61, lineno: 2, colno: 15 }, data: Let })
[TRACE] Entering base expression
[INFO] token found: Ok(LexerOutput { meta: LexerMeta { raw_match: "let", index: 61, lineno: 2, colno: 15 }, data: Let })
[INFO] token found: Ok(LexerOutput { meta: LexerMeta { raw_match: "let", index: 61, lineno: 2, colno: 15 }, data: Let })
[TRACE] Entering Ident
[INFO] token found: Ok(LexerOutput { meta: LexerMeta { raw_match: "let", index: 61, lineno: 2, colno: 15 }, data: Let })
[TRACE] Error @ LexerError(DoesNotMatch(ErrorMeta { lineno: 2, colno: 15, display: "let" }))
[INFO] token found: Ok(LexerOutput { meta: LexerMeta { raw_match: "let", index: 61, lineno: 2, colno: 15 }, data: Let })
[INFO] token found: Ok(LexerOutput { meta: LexerMeta { raw_match: "let", index: 61, lineno: 2, colno: 15 }, data: Let })
[INFO] token found: Ok(LexerOutput { meta: LexerMeta { raw_match: "let", index: 61, lineno: 2, colno: 15 }, data: Let })
[TRACE] Entered TypeDef
[INFO] token found: Ok(LexerOutput { meta: LexerMeta { raw_match: "let", index: 61, lineno: 2, colno: 15 }, data: Let })
[TRACE] entering Function
[INFO] token found: Ok(LexerOutput { meta: LexerMeta { raw_match: "let", index: 61, lineno: 2, colno: 15 }, data: Let })
[TRACE] Error @ LexerError(DoesNotMatch(ErrorMeta { lineno: 2, colno: 15, display: "let" }))
[INFO] token found: Ok(LexerOutput { meta: LexerMeta { raw_match: "let", index: 61, lineno: 2, colno: 15 }, data: Let })
[INFO] token found: Ok(LexerOutput { meta: LexerMeta { raw_match: "let", index: 61, lineno: 2, colno: 15 }, data: Let })
[TRACE] Error @ LexerError(DoesNotMatch(ErrorMeta { lineno: 2, colno: 15, display: "let" }))
[INFO] token found: Ok(LexerOutput { meta: LexerMeta { raw_match: "let", index: 61, lineno: 2, colno: 15 }, data: Let })
[INFO] token found: Ok(LexerOutput { meta: LexerMeta { raw_match: "let", index: 61, lineno: 2, colno: 15 }, data: Let })
[TRACE] Error @ LexerError(DoesNotMatch(ErrorMeta { lineno: 2, colno: 15, display: "let" }))
[INFO] token found: Ok(LexerOutput { meta: LexerMeta { raw_match: "let", index: 61, lineno: 2, colno: 15 }, data: Let })
[INFO] token found: Ok(LexerOutput { meta: LexerMeta { raw_match: "let", index: 61, lineno: 2, colno: 15 }, data: Let })
[TRACE] Error @ LexerError(DoesNotMatch(ErrorMeta { lineno: 2, colno: 15, display: "let" }))
[INFO] token found: Ok(LexerOutput { meta: LexerMeta { raw_match: "let", index: 61, lineno: 2, colno: 15 }, data: Let })
[TRACE] Entering Ident
[INFO] token found: Ok(LexerOutput { meta: LexerMeta { raw_match: "let", index: 61, lineno: 2, colno: 15 }, data: Let })
[TRACE] Error @ LexerError(DoesNotMatch(ErrorMeta { lineno: 2, colno: 15, display: "let" }))
[TRACE] Error @ LexerError(DoesNotMatch(ErrorMeta { lineno: 2, colno: 15, display: "let" }))
[TRACE] Error @ LexerError(DoesNotMatch(ErrorMeta { lineno: 2, colno: 15, display: "let" }))
[TRACE] Error @ LexerError(DoesNotMatch(ErrorMeta { lineno: 2, colno: 15, display: "let" }))
[TRACE] Error @ LexerError(DoesNotMatch(ErrorMeta { lineno: 2, colno: 15, display: "let" }))
[INFO] token found: Ok(LexerOutput { meta: LexerMeta { raw_match: "let", index: 61, lineno: 2, colno: 15 }, data: Let })
[TRACE] Error @ LexerError(DoesNotMatch(ErrorMeta { lineno: 2, colno: 15, display: "let" }))
[INFO] token found: Ok(LexerOutput { meta: LexerMeta { raw_match: "fn", index: 21, lineno: 1, colno: 22 }, data: Fn })
[INFO] token found: Ok(LexerOutput { meta: LexerMeta { raw_match: "fn", index: 21, lineno: 1, colno: 22 }, data: Fn })
[TRACE] Error @ LexerError(DoesNotMatch(ErrorMeta { lineno: 1, colno: 22, display: "fn" }))
[INFO] token found: Ok(LexerOutput { meta: LexerMeta { raw_match: "fn", index: 21, lineno: 1, colno: 22 }, data: Fn })
[INFO] token found: Ok(LexerOutput { meta: LexerMeta { raw_match: "fn", index: 21, lineno: 1, colno: 22 }, data: Fn })
[TRACE] Error @ LexerError(DoesNotMatch(ErrorMeta { lineno: 1, colno: 22, display: "fn" }))
[INFO] token found: Ok(LexerOutput { meta: LexerMeta { raw_match: "fn", index: 21, lineno: 1, colno: 22 }, data: Fn })
[INFO] token found: Ok(LexerOutput { meta: LexerMeta { raw_match: "fn", index: 21, lineno: 1, colno: 22 }, data: Fn })
[TRACE] Error @ LexerError(DoesNotMatch(ErrorMeta { lineno: 1, colno: 22, display: "fn" }))
[INFO] token found: Ok(LexerOutput { meta: LexerMeta { raw_match: "fn", index: 21, lineno: 1, colno: 22 }, data: Fn })
[TRACE] Entering Ident
[INFO] token found: Ok(LexerOutput { meta: LexerMeta { raw_match: "fn", index: 21, lineno: 1, colno: 22 }, data: Fn })
[TRACE] Error @ LexerError(DoesNotMatch(ErrorMeta { lineno: 1, colno: 22, display: "fn" }))
[TRACE] Error @ LexerError(DoesNotMatch(ErrorMeta { lineno: 1, colno: 22, display: "fn" }))
[TRACE] Error @ LexerError(DoesNotMatch(ErrorMeta { lineno: 1, colno: 22, display: "fn" }))
[INFO] token found: Ok(LexerOutput { meta: LexerMeta { raw_match: "fn", index: 21, lineno: 1, colno: 22 }, data: Fn })
[TRACE] Entering Logical Or Expression
[INFO] token found: Ok(LexerOutput { meta: LexerMeta { raw_match: "fn", index: 21, lineno: 1, colno: 22 }, data: Fn })
[TRACE] Entering Logical And Expression
[INFO] token found: Ok(LexerOutput { meta: LexerMeta { raw_match: "fn", index: 21, lineno: 1, colno: 22 }, data: Fn })
[TRACE] Entering Binary Or Expression
[INFO] token found: Ok(LexerOutput { meta: LexerMeta { raw_match: "fn", index: 21, lineno: 1, colno: 22 }, data: Fn })
[TRACE] Entering Xor Expression
[INFO] token found: Ok(LexerOutput { meta: LexerMeta { raw_match: "fn", index: 21, lineno: 1, colno: 22 }, data: Fn })
[TRACE] Entering Binary And Expression
[INFO] token found: Ok(LexerOutput { meta: LexerMeta { raw_match: "fn", index: 21, lineno: 1, colno: 22 }, data: Fn })
[TRACE] Entering Equality Expression
[INFO] token found: Ok(LexerOutput { meta: LexerMeta { raw_match: "fn", index: 21, lineno: 1, colno: 22 }, data: Fn })
[TRACE] Entering Relational Expression
[INFO] token found: Ok(LexerOutput { meta: LexerMeta { raw_match: "fn", index: 21, lineno: 1, colno: 22 }, data: Fn })
[TRACE] Entering Shift Expression
[INFO] token found: Ok(LexerOutput { meta: LexerMeta { raw_match: "fn", index: 21, lineno: 1, colno: 22 }, data: Fn })
[TRACE] Entering additive expression
[INFO] token found: Ok(LexerOutput { meta: LexerMeta { raw_match: "fn", index: 21, lineno: 1, colno: 22 }, data: Fn })
[TRACE] Entering multiplicative expression
[INFO] token found: Ok(LexerOutput { meta: LexerMeta { raw_match: "fn", index: 21, lineno: 1, colno: 22 }, data: Fn })
[INFO] token found: Ok(LexerOutput { meta: LexerMeta { raw_match: "fn", index: 21, lineno: 1, colno: 22 }, data: Fn })
[INFO] token found: Ok(LexerOutput { meta: LexerMeta { raw_match: "fn", index: 21, lineno: 1, colno: 22 }, data: Fn })
[TRACE] Error @ LexerError(DoesNotMatch(ErrorMeta { lineno: 1, colno: 22, display: "fn" }))
[INFO] token found: Ok(LexerOutput { meta: LexerMeta { raw_match: "fn", index: 21, lineno: 1, colno: 22 }, data: Fn })
[TRACE] Entering Non Math Expression
[INFO] token found: Ok(LexerOutput { meta: LexerMeta { raw_match: "fn", index: 21, lineno: 1, colno: 22 }, data: Fn })
[TRACE] Entering base expression
[INFO] token found: Ok(LexerOutput { meta: LexerMeta { raw_match: "fn", index: 21, lineno: 1, colno: 22 }, data: Fn })
[INFO] token found: Ok(LexerOutput { meta: LexerMeta { raw_match: "fn", index: 21, lineno: 1, colno: 22 }, data: Fn })
[TRACE] Entering Ident
[INFO] token found: Ok(LexerOutput { meta: LexerMeta { raw_match: "fn", index: 21, lineno: 1, colno: 22 }, data: Fn })
[TRACE] Error @ LexerError(DoesNotMatch(ErrorMeta { lineno: 1, colno: 22, display: "fn" }))
[INFO] token found: Ok(LexerOutput { meta: LexerMeta { raw_match: "fn", index: 21, lineno: 1, colno: 22 }, data: Fn })
[INFO] token found: Ok(LexerOutput { meta: LexerMeta { raw_match: "fn", index: 21, lineno: 1, colno: 22 }, data: Fn })
[INFO] token found: Ok(LexerOutput { meta: LexerMeta { raw_match: "fn", index: 21, lineno: 1, colno: 22 }, data: Fn })
[TRACE] Entered TypeDef
[INFO] token found: Ok(LexerOutput { meta: LexerMeta { raw_match: "fn", index: 21, lineno: 1, colno: 22 }, data: Fn })
[TRACE] entering Function
[INFO] token found: Ok(LexerOutput { meta: LexerMeta { raw_match: "fn", index: 21, lineno: 1, colno: 22 }, data: Fn })
[INFO] token found: Ok(LexerOutput { meta: LexerMeta { raw_match: "(", index: 24, lineno: 1, colno: 24 }, data: OParen })
[INFO] token found: Ok(LexerOutput { meta: LexerMeta { raw_match: "a", index: 25, lineno: 1, colno: 25 }, data: Ident("a") })
[INFO] token found: Ok(LexerOutput { meta: LexerMeta { raw_match: "a", index: 25, lineno: 1, colno: 25 }, data: Ident("a") })
[TRACE] Entering Ident Pair
[INFO] token found: Ok(LexerOutput { meta: LexerMeta { raw_match: "a", index: 25, lineno: 1, colno: 25 }, data: Ident("a") })
[TRACE] Entering Ident
[INFO] token found: Ok(LexerOutput { meta: LexerMeta { raw_match: "a", index: 25, lineno: 1, colno: 25 }, data: Ident("a") })
[INFO] token found: Ok(LexerOutput { meta: LexerMeta { raw_match: ":", index: 26, lineno: 1, colno: 26 }, data: Colon })
[INFO] token found: Ok(LexerOutput { meta: LexerMeta { raw_match: "b", index: 27, lineno: 1, colno: 27 }, data: Ident("b") })
[TRACE] Entering Ident
[INFO] token found: Ok(LexerOutput { meta: LexerMeta { raw_match: "b", index: 27, lineno: 1, colno: 27 }, data: Ident("b") })
[INFO] token found: Ok(LexerOutput { meta: LexerMeta { raw_match: ",", index: 28, lineno: 1, colno: 28 }, data: Comma })
[INFO] token found: Ok(LexerOutput { meta: LexerMeta { raw_match: "c", index: 30, lineno: 1, colno: 30 }, data: Ident("c") })
[INFO] token found: Ok(LexerOutput { meta: LexerMeta { raw_match: "c", index: 30, lineno: 1, colno: 30 }, data: Ident("c") })
[TRACE] Entering Ident Pair
[INFO] token found: Ok(LexerOutput { meta: LexerMeta { raw_match: "c", index: 30, lineno: 1, colno: 30 }, data: Ident("c") })
[TRACE] Entering Ident
[INFO] token found: Ok(LexerOutput { meta: LexerMeta { raw_match: "c", index: 30, lineno: 1, colno: 30 }, data: Ident("c") })
[INFO] token found: Ok(LexerOutput { meta: LexerMeta { raw_match: ":", index: 31, lineno: 1, colno: 31 }, data: Colon })
[INFO] token found: Ok(LexerOutput { meta: LexerMeta { raw_match: "d", index: 32, lineno: 1, colno: 32 }, data: Ident("d") })
[TRACE] Entering Ident
[INFO] token found: Ok(LexerOutput { meta: LexerMeta { raw_match: "d", index: 32, lineno: 1, colno: 32 }, data: Ident("d") })
[INFO] token found: Ok(LexerOutput { meta: LexerMeta { raw_match: ",", index: 33, lineno: 1, colno: 33 }, data: Comma })
[INFO] token found: Ok(LexerOutput { meta: LexerMeta { raw_match: "d", index: 35, lineno: 1, colno: 35 }, data: Ident("d") })
[INFO] token found: Ok(LexerOutput { meta: LexerMeta { raw_match: "d", index: 35, lineno: 1, colno: 35 }, data: Ident("d") })
[TRACE] Entering Ident Pair
[INFO] token found: Ok(LexerOutput { meta: LexerMeta { raw_match: "d", index: 35, lineno: 1, colno: 35 }, data: Ident("d") })
[TRACE] Entering Ident
[INFO] token found: Ok(LexerOutput { meta: LexerMeta { raw_match: "d", index: 35, lineno: 1, colno: 35 }, data: Ident("d") })
[INFO] token found: Ok(LexerOutput { meta: LexerMeta { raw_match: ":", index: 36, lineno: 1, colno: 36 }, data: Colon })
[INFO] token found: Ok(LexerOutput { meta: LexerMeta { raw_match: "f", index: 37, lineno: 1, colno: 37 }, data: Ident("f") })
[TRACE] Entering Ident
[INFO] token found: Ok(LexerOutput { meta: LexerMeta { raw_match: "f", index: 37, lineno: 1, colno: 37 }, data: Ident("f") })
[INFO] token found: Ok(LexerOutput { meta: LexerMeta { raw_match: ")", index: 38, lineno: 1, colno: 38 }, data: CParen })
[INFO] token found: Ok(LexerOutput { meta: LexerMeta { raw_match: ")", index: 38, lineno: 1, colno: 38 }, data: CParen })
[INFO] token found: Ok(LexerOutput { meta: LexerMeta { raw_match: ")", index: 38, lineno: 1, colno: 38 }, data: CParen })
[TRACE] Entering Ident Pair
[INFO] token found: Ok(LexerOutput { meta: LexerMeta { raw_match: ")", index: 38, lineno: 1, colno: 38 }, data: CParen })
[TRACE] Entering Ident
[INFO] token found: Ok(LexerOutput { meta: LexerMeta { raw_match: ")", index: 38, lineno: 1, colno: 38 }, data: CParen })
[TRACE] Error @ LexerError(DoesNotMatch(ErrorMeta { lineno: 1, colno: 38, display: ")" }))
[TRACE] Error @ LexerError(DoesNotMatch(ErrorMeta { lineno: 1, colno: 38, display: ")" }))
[INFO] token found: Ok(LexerOutput { meta: LexerMeta { raw_match: ")", index: 38, lineno: 1, colno: 38 }, data: CParen })
[INFO] token found: Ok(LexerOutput { meta: LexerMeta { raw_match: "->", index: 40, lineno: 1, colno: 41 }, data: SkinnyArrow })
[INFO] token found: Ok(LexerOutput { meta: LexerMeta { raw_match: "foo", index: 43, lineno: 1, colno: 45 }, data: Ident("foo") })
[TRACE] Entering Ident
[INFO] token found: Ok(LexerOutput { meta: LexerMeta { raw_match: "foo", index: 43, lineno: 1, colno: 45 }, data: Ident("foo") })
[INFO] token found: Ok(LexerOutput { meta: LexerMeta { raw_match: "{", index: 47, lineno: 1, colno: 47 }, data: OCBracket })
[INFO] token found: Ok(LexerOutput { meta: LexerMeta { raw_match: "let", index: 61, lineno: 2, colno: 15 }, data: Let })
[INFO] token found: Ok(LexerOutput { meta: LexerMeta { raw_match: "let", index: 61, lineno: 2, colno: 15 }, data: Let })
[TRACE] Entering Statment
[INFO] token found: Ok(LexerOutput { meta: LexerMeta { raw_match: "let", index: 61, lineno: 2, colno: 15 }, data: Let })
[TRACE] Entered Assignment
[INFO] token found: Ok(LexerOutput { meta: LexerMeta { raw_match: "let", index: 61, lineno: 2, colno: 15 }, data: Let })
[INFO] token found: Ok(LexerOutput { meta: LexerMeta { raw_match: "let", index: 61, lineno: 2, colno: 15 }, data: Let })
[INFO] token found: Ok(LexerOutput { meta: LexerMeta { raw_match: "let", index: 61, lineno: 2, colno: 15 }, data: Let })
[INFO] token found: Ok(LexerOutput { meta: LexerMeta { raw_match: "x", index: 65, lineno: 2, colno: 17 }, data: Ident("x") })
[INFO] token found: Ok(LexerOutput { meta: LexerMeta { raw_match: "x", index: 65, lineno: 2, colno: 17 }, data: Ident("x") })
[INFO] token found: Ok(LexerOutput { meta: LexerMeta { raw_match: "x", index: 65, lineno: 2, colno: 17 }, data: Ident("x") })
[TRACE] Entering Ident Pair
[INFO] token found: Ok(LexerOutput { meta: LexerMeta { raw_match: "x", index: 65, lineno: 2, colno: 17 }, data: Ident("x") })
[TRACE] Entering Ident
[INFO] token found: Ok(LexerOutput { meta: LexerMeta { raw_match: "x", index: 65, lineno: 2, colno: 17 }, data: Ident("x") })
[INFO] token found: Ok(LexerOutput { meta: LexerMeta { raw_match: "=", index: 67, lineno: 2, colno: 19 }, data: Eq })
[TRACE] Error @ LexerError(DoesNotMatch(ErrorMeta { lineno: 2, colno: 19, display: "=" }))
[INFO] token found: Ok(LexerOutput { meta: LexerMeta { raw_match: "x", index: 65, lineno: 2, colno: 17 }, data: Ident("x") })
[TRACE] Entering Ident
[INFO] token found: Ok(LexerOutput { meta: LexerMeta { raw_match: "x", index: 65, lineno: 2, colno: 17 }, data: Ident("x") })
[INFO] token found: Ok(LexerOutput { meta: LexerMeta { raw_match: "=", index: 67, lineno: 2, colno: 19 }, data: Eq })
[INFO] token found: Ok(LexerOutput { meta: LexerMeta { raw_match: "2", index: 69, lineno: 2, colno: 21 }, data: IntLit("2") })
[TRACE] Entering Expression
[INFO] token found: Ok(LexerOutput { meta: LexerMeta { raw_match: "2", index: 69, lineno: 2, colno: 21 }, data: IntLit("2") })
[INFO] token found: Ok(LexerOutput { meta: LexerMeta { raw_match: "2", index: 69, lineno: 2, colno: 21 }, data: IntLit("2") })
[INFO] token found: Ok(LexerOutput { meta: LexerMeta { raw_match: "2", index: 69, lineno: 2, colno: 21 }, data: IntLit("2") })
[INFO] token found: Ok(LexerOutput { meta: LexerMeta { raw_match: "2", index: 69, lineno: 2, colno: 21 }, data: IntLit("2") })
[TRACE] Error @ LexerError(DoesNotMatch(ErrorMeta { lineno: 2, colno: 21, display: "2" }))
[INFO] token found: Ok(LexerOutput { meta: LexerMeta { raw_match: "2", index: 69, lineno: 2, colno: 21 }, data: IntLit("2") })
[TRACE] Entering Non Math Expression
[INFO] token found: Ok(LexerOutput { meta: LexerMeta { raw_match: "2", index: 69, lineno: 2, colno: 21 }, data: IntLit("2") })
[TRACE] Entering base expression
[INFO] token found: Ok(LexerOutput { meta: LexerMeta { raw_match: "2", index: 69, lineno: 2, colno: 21 }, data: IntLit("2") })
[INFO] token found: Ok(LexerOutput { meta: LexerMeta { raw_match: "2", index: 69, lineno: 2, colno: 21 }, data: IntLit("2") })
[TRACE] Entering Ident
[INFO] token found: Ok(LexerOutput { meta: LexerMeta { raw_match: "2", index: 69, lineno: 2, colno: 21 }, data: IntLit("2") })
[TRACE] Error @ LexerError(DoesNotMatch(ErrorMeta { lineno: 2, colno: 21, display: "2" }))
[INFO] token found: Ok(LexerOutput { meta: LexerMeta { raw_match: "2", index: 69, lineno: 2, colno: 21 }, data: IntLit("2") })
[INFO] token found: Ok(LexerOutput { meta: LexerMeta { raw_match: "2", index: 69, lineno: 2, colno: 21 }, data: IntLit("2") })
[INFO] token found: Ok(LexerOutput { meta: LexerMeta { raw_match: ";", index: 70, lineno: 2, colno: 22 }, data: SemiColon })
[INFO] token found: Ok(LexerOutput { meta: LexerMeta { raw_match: ";", index: 70, lineno: 2, colno: 22 }, data: SemiColon })
[INFO] token found: Ok(LexerOutput { meta: LexerMeta { raw_match: ";", index: 70, lineno: 2, colno: 22 }, data: SemiColon })
[INFO] token found: Ok(LexerOutput { meta: LexerMeta { raw_match: ";", index: 70, lineno: 2, colno: 22 }, data: SemiColon })
[INFO] token found: Ok(LexerOutput { meta: LexerMeta { raw_match: ";", index: 70, lineno: 2, colno: 22 }, data: SemiColon })
[TRACE] Error @ LexerError(DoesNotMatch(ErrorMeta { lineno: 2, colno: 22, display: ";" }))
[INFO] token found: Ok(LexerOutput { meta: LexerMeta { raw_match: "2", index: 69, lineno: 2, colno: 21 }, data: IntLit("2") })
[TRACE] Entering Logical Or Expression
[INFO] token found: Ok(LexerOutput { meta: LexerMeta { raw_match: "2", index: 69, lineno: 2, colno: 21 }, data: IntLit("2") })
[TRACE] Entering Logical And Expression
[INFO] token found: Ok(LexerOutput { meta: LexerMeta { raw_match: "2", index: 69, lineno: 2, colno: 21 }, data: IntLit("2") })
[TRACE] Entering Binary Or Expression
[INFO] token found: Ok(LexerOutput { meta: LexerMeta { raw_match: "2", index: 69, lineno: 2, colno: 21 }, data: IntLit("2") })
[TRACE] Entering Xor Expression
[INFO] token found: Ok(LexerOutput { meta: LexerMeta { raw_match: "2", index: 69, lineno: 2, colno: 21 }, data: IntLit("2") })
[TRACE] Entering Binary And Expression
[INFO] token found: Ok(LexerOutput { meta: LexerMeta { raw_match: "2", index: 69, lineno: 2, colno: 21 }, data: IntLit("2") })
[TRACE] Entering Equality Expression
[INFO] token found: Ok(LexerOutput { meta: LexerMeta { raw_match: "2", index: 69, lineno: 2, colno: 21 }, data: IntLit("2") })
[TRACE] Entering Relational Expression
[INFO] token found: Ok(LexerOutput { meta: LexerMeta { raw_match: "2", index: 69, lineno: 2, colno: 21 }, data: IntLit("2") })
[TRACE] Entering Shift Expression
[INFO] token found: Ok(LexerOutput { meta: LexerMeta { raw_match: "2", index: 69, lineno: 2, colno: 21 }, data: IntLit("2") })
[TRACE] Entering additive expression
[INFO] token found: Ok(LexerOutput { meta: LexerMeta { raw_match: "2", index: 69, lineno: 2, colno: 21 }, data: IntLit("2") })
[TRACE] Entering multiplicative expression
[INFO] token found: Ok(LexerOutput { meta: LexerMeta { raw_match: "2", index: 69, lineno: 2, colno: 21 }, data: IntLit("2") })
[INFO] token found: Ok(LexerOutput { meta: LexerMeta { raw_match: "2", index: 69, lineno: 2, colno: 21 }, data: IntLit("2") })
[INFO] token found: Ok(LexerOutput { meta: LexerMeta { raw_match: "2", index: 69, lineno: 2, colno: 21 }, data: IntLit("2") })
[TRACE] Error @ LexerError(DoesNotMatch(ErrorMeta { lineno: 2, colno: 21, display: "2" }))
[INFO] token found: Ok(LexerOutput { meta: LexerMeta { raw_match: "2", index: 69, lineno: 2, colno: 21 }, data: IntLit("2") })
[TRACE] Entering Non Math Expression
[INFO] token found: Ok(LexerOutput { meta: LexerMeta { raw_match: "2", index: 69, lineno: 2, colno: 21 }, data: IntLit("2") })
[TRACE] Entering base expression
[INFO] token found: Ok(LexerOutput { meta: LexerMeta { raw_match: "2", index: 69, lineno: 2, colno: 21 }, data: IntLit("2") })
[INFO] token found: Ok(LexerOutput { meta: LexerMeta { raw_match: "2", index: 69, lineno: 2, colno: 21 }, data: IntLit("2") })
[TRACE] Entering Ident
[INFO] token found: Ok(LexerOutput { meta: LexerMeta { raw_match: "2", index: 69, lineno: 2, colno: 21 }, data: IntLit("2") })
[TRACE] Error @ LexerError(DoesNotMatch(ErrorMeta { lineno: 2, colno: 21, display: "2" }))
[INFO] token found: Ok(LexerOutput { meta: LexerMeta { raw_match: "2", index: 69, lineno: 2, colno: 21 }, data: IntLit("2") })
[INFO] token found: Ok(LexerOutput { meta: LexerMeta { raw_match: "2", index: 69, lineno: 2, colno: 21 }, data: IntLit("2") })
[INFO] token found: Ok(LexerOutput { meta: LexerMeta { raw_match: ";", index: 70, lineno: 2, colno: 22 }, data: SemiColon })
[INFO] token found: Ok(LexerOutput { meta: LexerMeta { raw_match: ";", index: 70, lineno: 2, colno: 22 }, data: SemiColon })
[INFO] token found: Ok(LexerOutput { meta: LexerMeta { raw_match: ";", index: 70, lineno: 2, colno: 22 }, data: SemiColon })
[INFO] token found: Ok(LexerOutput { meta: LexerMeta { raw_match: ";", index: 70, lineno: 2, colno: 22 }, data: SemiColon })
[INFO] token found: Ok(LexerOutput { meta: LexerMeta { raw_match: ";", index: 70, lineno: 2, colno: 22 }, data: SemiColon })
[INFO] token found: Ok(LexerOutput { meta: LexerMeta { raw_match: ";", index: 70, lineno: 2, colno: 22 }, data: SemiColon })
[TRACE] Error @ LexerError(DoesNotMatch(ErrorMeta { lineno: 2, colno: 22, display: ";" }))
[INFO] token found: Ok(LexerOutput { meta: LexerMeta { raw_match: ";", index: 70, lineno: 2, colno: 22 }, data: SemiColon })
[INFO] token found: Ok(LexerOutput { meta: LexerMeta { raw_match: ";", index: 70, lineno: 2, colno: 22 }, data: SemiColon })
[INFO] token found: Ok(LexerOutput { meta: LexerMeta { raw_match: ";", index: 70, lineno: 2, colno: 22 }, data: SemiColon })
[INFO] token found: Ok(LexerOutput { meta: LexerMeta { raw_match: ";", index: 70, lineno: 2, colno: 22 }, data: SemiColon })
[TRACE] Error @ LexerError(DoesNotMatch(ErrorMeta { lineno: 2, colno: 22, display: ";" }))
[INFO] token found: Ok(LexerOutput { meta: LexerMeta { raw_match: ";", index: 70, lineno: 2, colno: 22 }, data: SemiColon })
[INFO] token found: Ok(LexerOutput { meta: LexerMeta { raw_match: ";", index: 70, lineno: 2, colno: 22 }, data: SemiColon })
[INFO] token found: Ok(LexerOutput { meta: LexerMeta { raw_match: ";", index: 70, lineno: 2, colno: 22 }, data: SemiColon })
[INFO] token found: Ok(LexerOutput { meta: LexerMeta { raw_match: ";", index: 70, lineno: 2, colno: 22 }, data: SemiColon })
[TRACE] Error @ LexerError(DoesNotMatch(ErrorMeta { lineno: 2, colno: 22, display: ";" }))
[INFO] token found: Ok(LexerOutput { meta: LexerMeta { raw_match: ";", index: 70, lineno: 2, colno: 22 }, data: SemiColon })
[INFO] token found: Ok(LexerOutput { meta: LexerMeta { raw_match: ";", index: 70, lineno: 2, colno: 22 }, data: SemiColon })
[INFO] token found: Ok(LexerOutput { meta: LexerMeta { raw_match: ";", index: 70, lineno: 2, colno: 22 }, data: SemiColon })
[INFO] token found: Ok(LexerOutput { meta: LexerMeta { raw_match: ";", index: 70, lineno: 2, colno: 22 }, data: SemiColon })
[TRACE] Error @ LexerError(DoesNotMatch(ErrorMeta { lineno: 2, colno: 22, display: ";" }))
[INFO] token found: Ok(LexerOutput { meta: LexerMeta { raw_match: ";", index: 70, lineno: 2, colno: 22 }, data: SemiColon })
[INFO] token found: Ok(LexerOutput { meta: LexerMeta { raw_match: ";", index: 70, lineno: 2, colno: 22 }, data: SemiColon })
[INFO] token found: Ok(LexerOutput { meta: LexerMeta { raw_match: ";", index: 70, lineno: 2, colno: 22 }, data: SemiColon })
[INFO] token found: Ok(LexerOutput { meta: LexerMeta { raw_match: ";", index: 70, lineno: 2, colno: 22 }, data: SemiColon })
[TRACE] Error @ LexerError(DoesNotMatch(ErrorMeta { lineno: 2, colno: 22, display: ";" }))
[INFO] token found: Ok(LexerOutput { meta: LexerMeta { raw_match: ";", index: 70, lineno: 2, colno: 22 }, data: SemiColon })
[INFO] token found: Ok(LexerOutput { meta: LexerMeta { raw_match: ";", index: 70, lineno: 2, colno: 22 }, data: SemiColon })
[INFO] token found: Ok(LexerOutput { meta: LexerMeta { raw_match: ";", index: 70, lineno: 2, colno: 22 }, data: SemiColon })
[INFO] token found: Ok(LexerOutput { meta: LexerMeta { raw_match: ";", index: 70, lineno: 2, colno: 22 }, data: SemiColon })
[TRACE] Error @ LexerError(DoesNotMatch(ErrorMeta { lineno: 2, colno: 22, display: ";" }))
[INFO] token found: Ok(LexerOutput { meta: LexerMeta { raw_match: ";", index: 70, lineno: 2, colno: 22 }, data: SemiColon })
[INFO] token found: Ok(LexerOutput { meta: LexerMeta { raw_match: ";", index: 70, lineno: 2, colno: 22 }, data: SemiColon })
[INFO] token found: Ok(LexerOutput { meta: LexerMeta { raw_match: ";", index: 70, lineno: 2, colno: 22 }, data: SemiColon })
[INFO] token found: Ok(LexerOutput { meta: LexerMeta { raw_match: ";", index: 70, lineno: 2, colno: 22 }, data: SemiColon })
[TRACE] Error @ LexerError(DoesNotMatch(ErrorMeta { lineno: 2, colno: 22, display: ";" }))
[INFO] token found: Ok(LexerOutput { meta: LexerMeta { raw_match: ";", index: 70, lineno: 2, colno: 22 }, data: SemiColon })
[INFO] token found: Ok(LexerOutput { meta: LexerMeta { raw_match: ";", index: 70, lineno: 2, colno: 22 }, data: SemiColon })
[INFO] token found: Ok(LexerOutput { meta: LexerMeta { raw_match: ";", index: 70, lineno: 2, colno: 22 }, data: SemiColon })
[INFO] token found: Ok(LexerOutput { meta: LexerMeta { raw_match: ";", index: 70, lineno: 2, colno: 22 }, data: SemiColon })
[TRACE] Error @ LexerError(DoesNotMatch(ErrorMeta { lineno: 2, colno: 22, display: ";" }))
[INFO] token found: Ok(LexerOutput { meta: LexerMeta { raw_match: ";", index: 70, lineno: 2, colno: 22 }, data: SemiColon })
[INFO] token found: Ok(LexerOutput { meta: LexerMeta { raw_match: ";", index: 70, lineno: 2, colno: 22 }, data: SemiColon })
[INFO] token found: Ok(LexerOutput { meta: LexerMeta { raw_match: ";", index: 70, lineno: 2, colno: 22 }, data: SemiColon })
[INFO] token found: Ok(LexerOutput { meta: LexerMeta { raw_match: ";", index: 70, lineno: 2, colno: 22 }, data: SemiColon })
[TRACE] Error @ LexerError(DoesNotMatch(ErrorMeta { lineno: 2, colno: 22, display: ";" }))
[INFO] token found: Ok(LexerOutput { meta: LexerMeta { raw_match: ";", index: 70, lineno: 2, colno: 22 }, data: SemiColon })
[INFO] token found: Ok(LexerOutput { meta: LexerMeta { raw_match: ";", index: 70, lineno: 2, colno: 22 }, data: SemiColon })
[INFO] token found: Ok(LexerOutput { meta: LexerMeta { raw_match: ";", index: 70, lineno: 2, colno: 22 }, data: SemiColon })
[INFO] token found: Ok(LexerOutput { meta: LexerMeta { raw_match: ";", index: 70, lineno: 2, colno: 22 }, data: SemiColon })
[TRACE] Error @ LexerError(DoesNotMatch(ErrorMeta { lineno: 2, colno: 22, display: ";" }))
[TRACE] Error @ Other
[INFO] token found: Ok(LexerOutput { meta: LexerMeta { raw_match: "let", index: 61, lineno: 2, colno: 15 }, data: Let })
[TRACE] Entering Expression
[INFO] token found: Ok(LexerOutput { meta: LexerMeta { raw_match: "let", index: 61, lineno: 2, colno: 15 }, data: Let })
[INFO] token found: Ok(LexerOutput { meta: LexerMeta { raw_match: "let", index: 61, lineno: 2, colno: 15 }, data: Let })
[INFO] token found: Ok(LexerOutput { meta: LexerMeta { raw_match: "let", index: 61, lineno: 2, colno: 15 }, data: Let })
[INFO] token found: Ok(LexerOutput { meta: LexerMeta { raw_match: "let", index: 61, lineno: 2, colno: 15 }, data: Let })
[TRACE] Error @ LexerError(DoesNotMatch(ErrorMeta { lineno: 2, colno: 15, display: "let" }))
[INFO] token found: Ok(LexerOutput { meta: LexerMeta { raw_match: "let", index: 61, lineno: 2, colno: 15 }, data: Let })
[TRACE] Entering Non Math Expression
[INFO] token found: Ok(LexerOutput { meta: LexerMeta { raw_match: "let", index: 61, lineno: 2, colno: 15 }, data: Let })
[TRACE] Entering base expression
[INFO] token found: Ok(LexerOutput { meta: LexerMeta { raw_match: "let", index: 61, lineno: 2, colno: 15 }, data: Let })
[INFO] token found: Ok(LexerOutput { meta: LexerMeta { raw_match: "let", index: 61, lineno: 2, colno: 15 }, data: Let })
[TRACE] Entering Ident
[INFO] token found: Ok(LexerOutput { meta: LexerMeta { raw_match: "let", index: 61, lineno: 2, colno: 15 }, data: Let })
[TRACE] Error @ LexerError(DoesNotMatch(ErrorMeta { lineno: 2, colno: 15, display: "let" }))
[INFO] token found: Ok(LexerOutput { meta: LexerMeta { raw_match: "let", index: 61, lineno: 2, colno: 15 }, data: Let })
[INFO] token found: Ok(LexerOutput { meta: LexerMeta { raw_match: "let", index: 61, lineno: 2, colno: 15 }, data: Let })
[INFO] token found: Ok(LexerOutput { meta: LexerMeta { raw_match: "let", index: 61, lineno: 2, colno: 15 }, data: Let })
[TRACE] Entered TypeDef
[INFO] token found: Ok(LexerOutput { meta: LexerMeta { raw_match: "let", index: 61, lineno: 2, colno: 15 }, data: Let })
[TRACE] entering Function
[INFO] token found: Ok(LexerOutput { meta: LexerMeta { raw_match: "let", index: 61, lineno: 2, colno: 15 }, data: Let })
[TRACE] Error @ LexerError(DoesNotMatch(ErrorMeta { lineno: 2, colno: 15, display: "let" }))
[INFO] token found: Ok(LexerOutput { meta: LexerMeta { raw_match: "let", index: 61, lineno: 2, colno: 15 }, data: Let })
[INFO] token found: Ok(LexerOutput { meta: LexerMeta { raw_match: "let", index: 61, lineno: 2, colno: 15 }, data: Let })
[TRACE] Error @ LexerError(DoesNotMatch(ErrorMeta { lineno: 2, colno: 15, display: "let" }))
[INFO] token found: Ok(LexerOutput { meta: LexerMeta { raw_match: "let", index: 61, lineno: 2, colno: 15 }, data: Let })
[INFO] token found: Ok(LexerOutput { meta: LexerMeta { raw_match: "let", index: 61, lineno: 2, colno: 15 }, data: Let })
[TRACE] Error @ LexerError(DoesNotMatch(ErrorMeta { lineno: 2, colno: 15, display: "let" }))
[INFO] token found: Ok(LexerOutput { meta: LexerMeta { raw_match: "let", index: 61, lineno: 2, colno: 15 }, data: Let })
[INFO] token found: Ok(LexerOutput { meta: LexerMeta { raw_match: "let", index: 61, lineno: 2, colno: 15 }, data: Let })
[TRACE] Error @ LexerError(DoesNotMatch(ErrorMeta { lineno: 2, colno: 15, display: "let" }))
[INFO] token found: Ok(LexerOutput { meta: LexerMeta { raw_match: "let", index: 61, lineno: 2, colno: 15 }, data: Let })
[TRACE] Entering Ident
[INFO] token found: Ok(LexerOutput { meta: LexerMeta { raw_match: "let", index: 61, lineno: 2, colno: 15 }, data: Let })
[TRACE] Error @ LexerError(DoesNotMatch(ErrorMeta { lineno: 2, colno: 15, display: "let" }))
[TRACE] Error @ LexerError(DoesNotMatch(ErrorMeta { lineno: 2, colno: 15, display: "let" }))
[TRACE] Error @ LexerError(DoesNotMatch(ErrorMeta { lineno: 2, colno: 15, display: "let" }))
[INFO] token found: Ok(LexerOutput { meta: LexerMeta { raw_match: "let", index: 61, lineno: 2, colno: 15 }, data: Let })
[TRACE] Entering Logical Or Expression
[INFO] token found: Ok(LexerOutput { meta: LexerMeta { raw_match: "let", index: 61, lineno: 2, colno: 15 }, data: Let })
[TRACE] Entering Logical And Expression
[INFO] token found: Ok(LexerOutput { meta: LexerMeta { raw_match: "let", index: 61, lineno: 2, colno: 15 }, data: Let })
[TRACE] Entering Binary Or Expression
[INFO] token found: Ok(LexerOutput { meta: LexerMeta { raw_match: "let", index: 61, lineno: 2, colno: 15 }, data: Let })
[TRACE] Entering Xor Expression
[INFO] token found: Ok(LexerOutput { meta: LexerMeta { raw_match: "let", index: 61, lineno: 2, colno: 15 }, data: Let })
[TRACE] Entering Binary And Expression
[INFO] token found: Ok(LexerOutput { meta: LexerMeta { raw_match: "let", index: 61, lineno: 2, colno: 15 }, data: Let })
[TRACE] Entering Equality Expression
[INFO] token found: Ok(LexerOutput { meta: LexerMeta { raw_match: "let", index: 61, lineno: 2, colno: 15 }, data: Let })
[TRACE] Entering Relational Expression
[INFO] token found: Ok(LexerOutput { meta: LexerMeta { raw_match: "let", index: 61, lineno: 2, colno: 15 }, data: Let })
[TRACE] Entering Shift Expression
[INFO] token found: Ok(LexerOutput { meta: LexerMeta { raw_match: "let", index: 61, lineno: 2, colno: 15 }, data: Let })
[TRACE] Entering additive expression
[INFO] token found: Ok(LexerOutput { meta: LexerMeta { raw_match: "let", index: 61, lineno: 2, colno: 15 }, data: Let })
[TRACE] Entering multiplicative expression
[INFO] token found: Ok(LexerOutput { meta: LexerMeta { raw_match: "let", index: 61, lineno: 2, colno: 15 }, data: Let })
[INFO] token found: Ok(LexerOutput { meta: LexerMeta { raw_match: "let", index: 61, lineno: 2, colno: 15 }, data: Let })
[INFO] token found: Ok(LexerOutput { meta: LexerMeta { raw_match: "let", index: 61, lineno: 2, colno: 15 }, data: Let })
[TRACE] Error @ LexerError(DoesNotMatch(ErrorMeta { lineno: 2, colno: 15, display: "let" }))
[INFO] token found: Ok(LexerOutput { meta: LexerMeta { raw_match: "let", index: 61, lineno: 2, colno: 15 }, data: Let })
[TRACE] Entering Non Math Expression
[INFO] token found: Ok(LexerOutput { meta: LexerMeta { raw_match: "let", index: 61, lineno: 2, colno: 15 }, data: Let })
[TRACE] Entering base expression
[INFO] token found: Ok(LexerOutput { meta: LexerMeta { raw_match: "let", index: 61, lineno: 2, colno: 15 }, data: Let })
[INFO] token found: Ok(LexerOutput { meta: LexerMeta { raw_match: "let", index: 61, lineno: 2, colno: 15 }, data: Let })
[TRACE] Entering Ident
[INFO] token found: Ok(LexerOutput { meta: LexerMeta { raw_match: "let", index: 61, lineno: 2, colno: 15 }, data: Let })
[TRACE] Error @ LexerError(DoesNotMatch(ErrorMeta { lineno: 2, colno: 15, display: "let" }))
[INFO] token found: Ok(LexerOutput { meta: LexerMeta { raw_match: "let", index: 61, lineno: 2, colno: 15 }, data: Let })
[INFO] token found: Ok(LexerOutput { meta: LexerMeta { raw_match: "let", index: 61, lineno: 2, colno: 15 }, data: Let })
[INFO] token found: Ok(LexerOutput { meta: LexerMeta { raw_match: "let", index: 61, lineno: 2, colno: 15 }, data: Let })
[TRACE] Entered TypeDef
[INFO] token found: Ok(LexerOutput { meta: LexerMeta { raw_match: "let", index: 61, lineno: 2, colno: 15 }, data: Let })
[TRACE] entering Function
[INFO] token found: Ok(LexerOutput { meta: LexerMeta { raw_match: "let", index: 61, lineno: 2, colno: 15 }, data: Let })
[TRACE] Error @ LexerError(DoesNotMatch(ErrorMeta { lineno: 2, colno: 15, display: "let" }))
[INFO] token found: Ok(LexerOutput { meta: LexerMeta { raw_match: "let", index: 61, lineno: 2, colno: 15 }, data: Let })
[INFO] token found: Ok(LexerOutput { meta: LexerMeta { raw_match: "let", index: 61, lineno: 2, colno: 15 }, data: Let })
[TRACE] Error @ LexerError(DoesNotMatch(ErrorMeta { lineno: 2, colno: 15, display: "let" }))
[INFO] token found: Ok(LexerOutput { meta: LexerMeta { raw_match: "let", index: 61, lineno: 2, colno: 15 }, data: Let })
[INFO] token found: Ok(LexerOutput { meta: LexerMeta { raw_match: "let", index: 61, lineno: 2, colno: 15 }, data: Let })
[TRACE] Error @ LexerError(DoesNotMatch(ErrorMeta { lineno: 2, colno: 15, display: "let" }))
[INFO] token found: Ok(LexerOutput { meta: LexerMeta { raw_match: "let", index: 61, lineno: 2, colno: 15 }, data: Let })
[INFO] token found: Ok(LexerOutput { meta: LexerMeta { raw_match: "let", index: 61, lineno: 2, colno: 15 }, data: Let })
[TRACE] Error @ LexerError(DoesNotMatch(ErrorMeta { lineno: 2, colno: 15, display: "let" }))
[INFO] token found: Ok(LexerOutput { meta: LexerMeta { raw_match: "let", index: 61, lineno: 2, colno: 15 }, data: Let })
[TRACE] Entering Ident
[INFO] token found: Ok(LexerOutput { meta: LexerMeta { raw_match: "let", index: 61, lineno: 2, colno: 15 }, data: Let })
[TRACE] Error @ LexerError(DoesNotMatch(ErrorMeta { lineno: 2, colno: 15, display: "let" }))
[TRACE] Error @ LexerError(DoesNotMatch(ErrorMeta { lineno: 2, colno: 15, display: "let" }))
[TRACE] Error @ LexerError(DoesNotMatch(ErrorMeta { lineno: 2, colno: 15, display: "let" }))
[TRACE] Error @ LexerError(DoesNotMatch(ErrorMeta { lineno: 2, colno: 15, display: "let" }))
[TRACE] Error @ LexerError(DoesNotMatch(ErrorMeta { lineno: 2, colno: 15, display: "let" }))
[INFO] token found: Ok(LexerOutput { meta: LexerMeta { raw_match: "let", index: 61, lineno: 2, colno: 15 }, data: Let })
[INFO] token found: Ok(LexerOutput { meta: LexerMeta { raw_match: "let", index: 61, lineno: 2, colno: 15 }, data: Let })
[TRACE] Entering Statment
[INFO] token found: Ok(LexerOutput { meta: LexerMeta { raw_match: "let", index: 61, lineno: 2, colno: 15 }, data: Let })
[TRACE] Entered Assignment
[INFO] token found: Ok(LexerOutput { meta: LexerMeta { raw_match: "let", index: 61, lineno: 2, colno: 15 }, data: Let })
[INFO] token found: Ok(LexerOutput { meta: LexerMeta { raw_match: "let", index: 61, lineno: 2, colno: 15 }, data: Let })
[INFO] token found: Ok(LexerOutput { meta: LexerMeta { raw_match: "let", index: 61, lineno: 2, colno: 15 }, data: Let })
[INFO] token found: Ok(LexerOutput { meta: LexerMeta { raw_match: "x", index: 65, lineno: 2, colno: 17 }, data: Ident("x") })
[INFO] token found: Ok(LexerOutput { meta: LexerMeta { raw_match: "x", index: 65, lineno: 2, colno: 17 }, data: Ident("x") })
[INFO] token found: Ok(LexerOutput { meta: LexerMeta { raw_match: "x", index: 65, lineno: 2, colno: 17 }, data: Ident("x") })
[TRACE] Entering Ident Pair
[INFO] token found: Ok(LexerOutput { meta: LexerMeta { raw_match: "x", index: 65, lineno: 2, colno: 17 }, data: Ident("x") })
[TRACE] Entering Ident
[INFO] token found: Ok(LexerOutput { meta: LexerMeta { raw_match: "x", index: 65, lineno: 2, colno: 17 }, data: Ident("x") })
[INFO] token found: Ok(LexerOutput { meta: LexerMeta { raw_match: "=", index: 67, lineno: 2, colno: 19 }, data: Eq })
[TRACE] Error @ LexerError(DoesNotMatch(ErrorMeta { lineno: 2, colno: 19, display: "=" }))
[INFO] token found: Ok(LexerOutput { meta: LexerMeta { raw_match: "x", index: 65, lineno: 2, colno: 17 }, data: Ident("x") })
[TRACE] Entering Ident
[INFO] token found: Ok(LexerOutput { meta: LexerMeta { raw_match: "x", index: 65, lineno: 2, colno: 17 }, data: Ident("x") })
[INFO] token found: Ok(LexerOutput { meta: LexerMeta { raw_match: "=", index: 67, lineno: 2, colno: 19 }, data: Eq })
[INFO] token found: Ok(LexerOutput { meta: LexerMeta { raw_match: "2", index: 69, lineno: 2, colno: 21 }, data: IntLit("2") })
[TRACE] Entering Expression
[INFO] token found: Ok(LexerOutput { meta: LexerMeta { raw_match: "2", index: 69, lineno: 2, colno: 21 }, data: IntLit("2") })
[INFO] token found: Ok(LexerOutput { meta: LexerMeta { raw_match: "2", index: 69, lineno: 2, colno: 21 }, data: IntLit("2") })
[INFO] token found: Ok(LexerOutput { meta: LexerMeta { raw_match: "2", index: 69, lineno: 2, colno: 21 }, data: IntLit("2") })
[INFO] token found: Ok(LexerOutput { meta: LexerMeta { raw_match: "2", index: 69, lineno: 2, colno: 21 }, data: IntLit("2") })
[TRACE] Error @ LexerError(DoesNotMatch(ErrorMeta { lineno: 2, colno: 21, display: "2" }))
[INFO] token found: Ok(LexerOutput { meta: LexerMeta { raw_match: "2", index: 69, lineno: 2, colno: 21 }, data: IntLit("2") })
[TRACE] Entering Non Math Expression
[INFO] token found: Ok(LexerOutput { meta: LexerMeta { raw_match: "2", index: 69, lineno: 2, colno: 21 }, data: IntLit("2") })
[TRACE] Entering base expression
[INFO] token found: Ok(LexerOutput { meta: LexerMeta { raw_match: "2", index: 69, lineno: 2, colno: 21 }, data: IntLit("2") })
[INFO] token found: Ok(LexerOutput { meta: LexerMeta { raw_match: "2", index: 69, lineno: 2, colno: 21 }, data: IntLit("2") })
[TRACE] Entering Ident
[INFO] token found: Ok(LexerOutput { meta: LexerMeta { raw_match: "2", index: 69, lineno: 2, colno: 21 }, data: IntLit("2") })
[TRACE] Error @ LexerError(DoesNotMatch(ErrorMeta { lineno: 2, colno: 21, display: "2" }))
[INFO] token found: Ok(LexerOutput { meta: LexerMeta { raw_match: "2", index: 69, lineno: 2, colno: 21 }, data: IntLit("2") })
[INFO] token found: Ok(LexerOutput { meta: LexerMeta { raw_match: "2", index: 69, lineno: 2, colno: 21 }, data: IntLit("2") })
[INFO] token found: Ok(LexerOutput { meta: LexerMeta { raw_match: ";", index: 70, lineno: 2, colno: 22 }, data: SemiColon })
[INFO] token found: Ok(LexerOutput { meta: LexerMeta { raw_match: ";", index: 70, lineno: 2, colno: 22 }, data: SemiColon })
[INFO] token found: Ok(LexerOutput { meta: LexerMeta { raw_match: ";", index: 70, lineno: 2, colno: 22 }, data: SemiColon })
[INFO] token found: Ok(LexerOutput { meta: LexerMeta { raw_match: ";", index: 70, lineno: 2, colno: 22 }, data: SemiColon })
[INFO] token found: Ok(LexerOutput { meta: LexerMeta { raw_match: ";", index: 70, lineno: 2, colno: 22 }, data: SemiColon })
[TRACE] Error @ LexerError(DoesNotMatch(ErrorMeta { lineno: 2, colno: 22, display: ";" }))
[INFO] token found: Ok(LexerOutput { meta: LexerMeta { raw_match: "2", index: 69, lineno: 2, colno: 21 }, data: IntLit("2") })
[TRACE] Entering Logical Or Expression
[INFO] token found: Ok(LexerOutput { meta: LexerMeta { raw_match: "2", index: 69, lineno: 2, colno: 21 }, data: IntLit("2") })
[TRACE] Entering Logical And Expression
[INFO] token found: Ok(LexerOutput { meta: LexerMeta { raw_match: "2", index: 69, lineno: 2, colno: 21 }, data: IntLit("2") })
[TRACE] Entering Binary Or Expression
[INFO] token found: Ok(LexerOutput { meta: LexerMeta { raw_match: "2", index: 69, lineno: 2, colno: 21 }, data: IntLit("2") })
[TRACE] Entering Xor Expression
[INFO] token found: Ok(LexerOutput { meta: LexerMeta { raw_match: "2", index: 69, lineno: 2, colno: 21 }, data: IntLit("2") })
[TRACE] Entering Binary And Expression
[INFO] token found: Ok(LexerOutput { meta: LexerMeta { raw_match: "2", index: 69, lineno: 2, colno: 21 }, data: IntLit("2") })
[TRACE] Entering Equality Expression
[INFO] token found: Ok(LexerOutput { meta: LexerMeta { raw_match: "2", index: 69, lineno: 2, colno: 21 }, data: IntLit("2") })
[TRACE] Entering Relational Expression
[INFO] token found: Ok(LexerOutput { meta: LexerMeta { raw_match: "2", index: 69, lineno: 2, colno: 21 }, data: IntLit("2") })
[TRACE] Entering Shift Expression
[INFO] token found: Ok(LexerOutput { meta: LexerMeta { raw_match: "2", index: 69, lineno: 2, colno: 21 }, data: IntLit("2") })
[TRACE] Entering additive expression
[INFO] token found: Ok(LexerOutput { meta: LexerMeta { raw_match: "2", index: 69, lineno: 2, colno: 21 }, data: IntLit("2") })
[TRACE] Entering multiplicative expression
[INFO] token found: Ok(LexerOutput { meta: LexerMeta { raw_match: "2", index: 69, lineno: 2, colno: 21 }, data: IntLit("2") })
[INFO] token found: Ok(LexerOutput { meta: LexerMeta { raw_match: "2", index: 69, lineno: 2, colno: 21 }, data: IntLit("2") })
[INFO] token found: Ok(LexerOutput { meta: LexerMeta { raw_match: "2", index: 69, lineno: 2, colno: 21 }, data: IntLit("2") })
[TRACE] Error @ LexerError(DoesNotMatch(ErrorMeta { lineno: 2, colno: 21, display: "2" }))
[INFO] token found: Ok(LexerOutput { meta: LexerMeta { raw_match: "2", index: 69, lineno: 2, colno: 21 }, data: IntLit("2") })
[TRACE] Entering Non Math Expression
[INFO] token found: Ok(LexerOutput { meta: LexerMeta { raw_match: "2", index: 69, lineno: 2, colno: 21 }, data: IntLit("2") })
[TRACE] Entering base expression
[INFO] token found: Ok(LexerOutput { meta: LexerMeta { raw_match: "2", index: 69, lineno: 2, colno: 21 }, data: IntLit("2") })
[INFO] token found: Ok(LexerOutput { meta: LexerMeta { raw_match: "2", index: 69, lineno: 2, colno: 21 }, data: IntLit("2") })
[TRACE] Entering Ident
[INFO] token found: Ok(LexerOutput { meta: LexerMeta { raw_match: "2", index: 69, lineno: 2, colno: 21 }, data: IntLit("2") })
[TRACE] Error @ LexerError(DoesNotMatch(ErrorMeta { lineno: 2, colno: 21, display: "2" }))
[INFO] token found: Ok(LexerOutput { meta: LexerMeta { raw_match: "2", index: 69, lineno: 2, colno: 21 }, data: IntLit("2") })
[INFO] token found: Ok(LexerOutput { meta: LexerMeta { raw_match: "2", index: 69, lineno: 2, colno: 21 }, data: IntLit("2") })
[INFO] token found: Ok(LexerOutput { meta: LexerMeta { raw_match: ";", index: 70, lineno: 2, colno: 22 }, data: SemiColon })
[INFO] token found: Ok(LexerOutput { meta: LexerMeta { raw_match: ";", index: 70, lineno: 2, colno: 22 }, data: SemiColon })
[INFO] token found: Ok(LexerOutput { meta: LexerMeta { raw_match: ";", index: 70, lineno: 2, colno: 22 }, data: SemiColon })
[INFO] token found: Ok(LexerOutput { meta: LexerMeta { raw_match: ";", index: 70, lineno: 2, colno: 22 }, data: SemiColon })
[INFO] token found: Ok(LexerOutput { meta: LexerMeta { raw_match: ";", index: 70, lineno: 2, colno: 22 }, data: SemiColon })
[INFO] token found: Ok(LexerOutput { meta: LexerMeta { raw_match: ";", index: 70, lineno: 2, colno: 22 }, data: SemiColon })
[TRACE] Error @ LexerError(DoesNotMatch(ErrorMeta { lineno: 2, colno: 22, display: ";" }))
[INFO] token found: Ok(LexerOutput { meta: LexerMeta { raw_match: ";", index: 70, lineno: 2, colno: 22 }, data: SemiColon })
[INFO] token found: Ok(LexerOutput { meta: LexerMeta { raw_match: ";", index: 70, lineno: 2, colno: 22 }, data: SemiColon })
[INFO] token found: Ok(LexerOutput { meta: LexerMeta { raw_match: ";", index: 70, lineno: 2, colno: 22 }, data: SemiColon })
[INFO] token found: Ok(LexerOutput { meta: LexerMeta { raw_match: ";", index: 70, lineno: 2, colno: 22 }, data: SemiColon })
[TRACE] Error @ LexerError(DoesNotMatch(ErrorMeta { lineno: 2, colno: 22, display: ";" }))
[INFO] token found: Ok(LexerOutput { meta: LexerMeta { raw_match: ";", index: 70, lineno: 2, colno: 22 }, data: SemiColon })
[INFO] token found: Ok(LexerOutput { meta: LexerMeta { raw_match: ";", index: 70, lineno: 2, colno: 22 }, data: SemiColon })
[INFO] token found: Ok(LexerOutput { meta: LexerMeta { raw_match: ";", index: 70, lineno: 2, colno: 22 }, data: SemiColon })
[INFO] token found: Ok(LexerOutput { meta: LexerMeta { raw_match: ";", index: 70, lineno: 2, colno: 22 }, data: SemiColon })
[TRACE] Error @ LexerError(DoesNotMatch(ErrorMeta { lineno: 2, colno: 22, display: ";" }))
[INFO] token found: Ok(LexerOutput { meta: LexerMeta { raw_match: ";", index: 70, lineno: 2, colno: 22 }, data: SemiColon })
[INFO] token found: Ok(LexerOutput { meta: LexerMeta { raw_match: ";", index: 70, lineno: 2, colno: 22 }, data: SemiColon })
[INFO] token found: Ok(LexerOutput { meta: LexerMeta { raw_match: ";", index: 70, lineno: 2, colno: 22 }, data: SemiColon })
[INFO] token found: Ok(LexerOutput { meta: LexerMeta { raw_match: ";", index: 70, lineno: 2, colno: 22 }, data: SemiColon })
[TRACE] Error @ LexerError(DoesNotMatch(ErrorMeta { lineno: 2, colno: 22, display: ";" }))
[INFO] token found: Ok(LexerOutput { meta: LexerMeta { raw_match: ";", index: 70, lineno: 2, colno: 22 }, data: SemiColon })
[INFO] token found: Ok(LexerOutput { meta: LexerMeta { raw_match: ";", index: 70, lineno: 2, colno: 22 }, data: SemiColon })
[INFO] token found: Ok(LexerOutput { meta: LexerMeta { raw_match: ";", index: 70, lineno: 2, colno: 22 }, data: SemiColon })
[INFO] token found: Ok(LexerOutput { meta: LexerMeta { raw_match: ";", index: 70, lineno: 2, colno: 22 }, data: SemiColon })
[TRACE] Error @ LexerError(DoesNotMatch(ErrorMeta { lineno: 2, colno: 22, display: ";" }))
[INFO] token found: Ok(LexerOutput { meta: LexerMeta { raw_match: ";", index: 70, lineno: 2, colno: 22 }, data: SemiColon })
[INFO] token found: Ok(LexerOutput { meta: LexerMeta { raw_match: ";", index: 70, lineno: 2, colno: 22 }, data: SemiColon })
[INFO] token found: Ok(LexerOutput { meta: LexerMeta { raw_match: ";", index: 70, lineno: 2, colno: 22 }, data: SemiColon })
[INFO] token found: Ok(LexerOutput { meta: LexerMeta { raw_match: ";", index: 70, lineno: 2, colno: 22 }, data: SemiColon })
[TRACE] Error @ LexerError(DoesNotMatch(ErrorMeta { lineno: 2, colno: 22, display: ";" }))
[INFO] token found: Ok(LexerOutput { meta: LexerMeta { raw_match: ";", index: 70, lineno: 2, colno: 22 }, data: SemiColon })
[INFO] token found: Ok(LexerOutput { meta: LexerMeta { raw_match: ";", index: 70, lineno: 2, colno: 22 }, data: SemiColon })
[INFO] token found: Ok(LexerOutput { meta: LexerMeta { raw_match: ";", index: 70, lineno: 2, colno: 22 }, data: SemiColon })
[INFO] token found: Ok(LexerOutput { meta: LexerMeta { raw_match: ";", index: 70, lineno: 2, colno: 22 }, data: SemiColon })
[TRACE] Error @ LexerError(DoesNotMatch(ErrorMeta { lineno: 2, colno: 22, display: ";" }))
[INFO] token found: Ok(LexerOutput { meta: LexerMeta { raw_match: ";", index: 70, lineno: 2, colno: 22 }, data: SemiColon })
[INFO] token found: Ok(LexerOutput { meta: LexerMeta { raw_match: ";", index: 70, lineno: 2, colno: 22 }, data: SemiColon })
[INFO] token found: Ok(LexerOutput { meta: LexerMeta { raw_match: ";", index: 70, lineno: 2, colno: 22 }, data: SemiColon })
[INFO] token found: Ok(LexerOutput { meta: LexerMeta { raw_match: ";", index: 70, lineno: 2, colno: 22 }, data: SemiColon })
[TRACE] Error @ LexerError(DoesNotMatch(ErrorMeta { lineno: 2, colno: 22, display: ";" }))
[INFO] token found: Ok(LexerOutput { meta: LexerMeta { raw_match: ";", index: 70, lineno: 2, colno: 22 }, data: SemiColon })
[INFO] token found: Ok(LexerOutput { meta: LexerMeta { raw_match: ";", index: 70, lineno: 2, colno: 22 }, data: SemiColon })
[INFO] token found: Ok(LexerOutput { meta: LexerMeta { raw_match: ";", index: 70, lineno: 2, colno: 22 }, data: SemiColon })
[INFO] token found: Ok(LexerOutput { meta: LexerMeta { raw_match: ";", index: 70, lineno: 2, colno: 22 }, data: SemiColon })
[TRACE] Error @ LexerError(DoesNotMatch(ErrorMeta { lineno: 2, colno: 22, display: ";" }))
[INFO] token found: Ok(LexerOutput { meta: LexerMeta { raw_match: ";", index: 70, lineno: 2, colno: 22 }, data: SemiColon })
[INFO] token found: Ok(LexerOutput { meta: LexerMeta { raw_match: ";", index: 70, lineno: 2, colno: 22 }, data: SemiColon })
[INFO] token found: Ok(LexerOutput { meta: LexerMeta { raw_match: ";", index: 70, lineno: 2, colno: 22 }, data: SemiColon })
[INFO] token found: Ok(LexerOutput { meta: LexerMeta { raw_match: ";", index: 70, lineno: 2, colno: 22 }, data: SemiColon })
[TRACE] Error @ LexerError(DoesNotMatch(ErrorMeta { lineno: 2, colno: 22, display: ";" }))
[TRACE] Error @ Other
[INFO] token found: Ok(LexerOutput { meta: LexerMeta { raw_match: "let", index: 61, lineno: 2, colno: 15 }, data: Let })
[TRACE] Entering Expression
[INFO] token found: Ok(LexerOutput { meta: LexerMeta { raw_match: "let", index: 61, lineno: 2, colno: 15 }, data: Let })
[INFO] token found: Ok(LexerOutput { meta: LexerMeta { raw_match: "let", index: 61, lineno: 2, colno: 15 }, data: Let })
[INFO] token found: Ok(LexerOutput { meta: LexerMeta { raw_match: "let", index: 61, lineno: 2, colno: 15 }, data: Let })
[INFO] token found: Ok(LexerOutput { meta: LexerMeta { raw_match: "let", index: 61, lineno: 2, colno: 15 }, data: Let })
[TRACE] Error @ LexerError(DoesNotMatch(ErrorMeta { lineno: 2, colno: 15, display: "let" }))
[INFO] token found: Ok(LexerOutput { meta: LexerMeta { raw_match: "let", index: 61, lineno: 2, colno: 15 }, data: Let })
[TRACE] Entering Non Math Expression
[INFO] token found: Ok(LexerOutput { meta: LexerMeta { raw_match: "let", index: 61, lineno: 2, colno: 15 }, data: Let })
[TRACE] Entering base expression
[INFO] token found: Ok(LexerOutput { meta: LexerMeta { raw_match: "let", index: 61, lineno: 2, colno: 15 }, data: Let })
[INFO] token found: Ok(LexerOutput { meta: LexerMeta { raw_match: "let", index: 61, lineno: 2, colno: 15 }, data: Let })
[TRACE] Entering Ident
[INFO] token found: Ok(LexerOutput { meta: LexerMeta { raw_match: "let", index: 61, lineno: 2, colno: 15 }, data: Let })
[TRACE] Error @ LexerError(DoesNotMatch(ErrorMeta { lineno: 2, colno: 15, display: "let" }))
[INFO] token found: Ok(LexerOutput { meta: LexerMeta { raw_match: "let", index: 61, lineno: 2, colno: 15 }, data: Let })
[INFO] token found: Ok(LexerOutput { meta: LexerMeta { raw_match: "let", index: 61, lineno: 2, colno: 15 }, data: Let })
[INFO] token found: Ok(LexerOutput { meta: LexerMeta { raw_match: "let", index: 61, lineno: 2, colno: 15 }, data: Let })
[TRACE] Entered TypeDef
[INFO] token found: Ok(LexerOutput { meta: LexerMeta { raw_match: "let", index: 61, lineno: 2, colno: 15 }, data: Let })
[TRACE] entering Function
[INFO] token found: Ok(LexerOutput { meta: LexerMeta { raw_match: "let", index: 61, lineno: 2, colno: 15 }, data: Let })
[TRACE] Error @ LexerError(DoesNotMatch(ErrorMeta { lineno: 2, colno: 15, display: "let" }))
[INFO] token found: Ok(LexerOutput { meta: LexerMeta { raw_match: "let", index: 61, lineno: 2, colno: 15 }, data: Let })
[INFO] token found: Ok(LexerOutput { meta: LexerMeta { raw_match: "let", index: 61, lineno: 2, colno: 15 }, data: Let })
[TRACE] Error @ LexerError(DoesNotMatch(ErrorMeta { lineno: 2, colno: 15, display: "let" }))
[INFO] token found: Ok(LexerOutput { meta: LexerMeta { raw_match: "let", index: 61, lineno: 2, colno: 15 }, data: Let })
[INFO] token found: Ok(LexerOutput { meta: LexerMeta { raw_match: "let", index: 61, lineno: 2, colno: 15 }, data: Let })
[TRACE] Error @ LexerError(DoesNotMatch(ErrorMeta { lineno: 2, colno: 15, display: "let" }))
[INFO] token found: Ok(LexerOutput { meta: LexerMeta { raw_match: "let", index: 61, lineno: 2, colno: 15 }, data: Let })
[INFO] token found: Ok(LexerOutput { meta: LexerMeta { raw_match: "let", index: 61, lineno: 2, colno: 15 }, data: Let })
[TRACE] Error @ LexerError(DoesNotMatch(ErrorMeta { lineno: 2, colno: 15, display: "let" }))
[INFO] token found: Ok(LexerOutput { meta: LexerMeta { raw_match: "let", index: 61, lineno: 2, colno: 15 }, data: Let })
[TRACE] Entering Ident
[INFO] token found: Ok(LexerOutput { meta: LexerMeta { raw_match: "let", index: 61, lineno: 2, colno: 15 }, data: Let })
[TRACE] Error @ LexerError(DoesNotMatch(ErrorMeta { lineno: 2, colno: 15, display: "let" }))
[TRACE] Error @ LexerError(DoesNotMatch(ErrorMeta { lineno: 2, colno: 15, display: "let" }))
[TRACE] Error @ LexerError(DoesNotMatch(ErrorMeta { lineno: 2, colno: 15, display: "let" }))
[INFO] token found: Ok(LexerOutput { meta: LexerMeta { raw_match: "let", index: 61, lineno: 2, colno: 15 }, data: Let })
[TRACE] Entering Logical Or Expression
[INFO] token found: Ok(LexerOutput { meta: LexerMeta { raw_match: "let", index: 61, lineno: 2, colno: 15 }, data: Let })
[TRACE] Entering Logical And Expression
[INFO] token found: Ok(LexerOutput { meta: LexerMeta { raw_match: "let", index: 61, lineno: 2, colno: 15 }, data: Let })
[TRACE] Entering Binary Or Expression
[INFO] token found: Ok(LexerOutput { meta: LexerMeta { raw_match: "let", index: 61, lineno: 2, colno: 15 }, data: Let })
[TRACE] Entering Xor Expression
[INFO] token found: Ok(LexerOutput { meta: LexerMeta { raw_match: "let", index: 61, lineno: 2, colno: 15 }, data: Let })
[TRACE] Entering Binary And Expression
[INFO] token found: Ok(LexerOutput { meta: LexerMeta { raw_match: "let", index: 61, lineno: 2, colno: 15 }, data: Let })
[TRACE] Entering Equality Expression
[INFO] token found: Ok(LexerOutput { meta: LexerMeta { raw_match: "let", index: 61, lineno: 2, colno: 15 }, data: Let })
[TRACE] Entering Relational Expression
[INFO] token found: Ok(LexerOutput { meta: LexerMeta { raw_match: "let", index: 61, lineno: 2, colno: 15 }, data: Let })
[TRACE] Entering Shift Expression
[INFO] token found: Ok(LexerOutput { meta: LexerMeta { raw_match: "let", index: 61, lineno: 2, colno: 15 }, data: Let })
[TRACE] Entering additive expression
[INFO] token found: Ok(LexerOutput { meta: LexerMeta { raw_match: "let", index: 61, lineno: 2, colno: 15 }, data: Let })
[TRACE] Entering multiplicative expression
[INFO] token found: Ok(LexerOutput { meta: LexerMeta { raw_match: "let", index: 61, lineno: 2, colno: 15 }, data: Let })
[INFO] token found: Ok(LexerOutput { meta: LexerMeta { raw_match: "let", index: 61, lineno: 2, colno: 15 }, data: Let })
[INFO] token found: Ok(LexerOutput { meta: LexerMeta { raw_match: "let", index: 61, lineno: 2, colno: 15 }, data: Let })
[TRACE] Error @ LexerError(DoesNotMatch(ErrorMeta { lineno: 2, colno: 15, display: "let" }))
[INFO] token found: Ok(LexerOutput { meta: LexerMeta { raw_match: "let", index: 61, lineno: 2, colno: 15 }, data: Let })
[TRACE] Entering Non Math Expression
[INFO] token found: Ok(LexerOutput { meta: LexerMeta { raw_match: "let", index: 61, lineno: 2, colno: 15 }, data: Let })
[TRACE] Entering base expression
[INFO] token found: Ok(LexerOutput { meta: LexerMeta { raw_match: "let", index: 61, lineno: 2, colno: 15 }, data: Let })
[INFO] token found: Ok(LexerOutput { meta: LexerMeta { raw_match: "let", index: 61, lineno: 2, colno: 15 }, data: Let })
[TRACE] Entering Ident
[INFO] token found: Ok(LexerOutput { meta: LexerMeta { raw_match: "let", index: 61, lineno: 2, colno: 15 }, data: Let })
[TRACE] Error @ LexerError(DoesNotMatch(ErrorMeta { lineno: 2, colno: 15, display: "let" }))
[INFO] token found: Ok(LexerOutput { meta: LexerMeta { raw_match: "let", index: 61, lineno: 2, colno: 15 }, data: Let })
[INFO] token found: Ok(LexerOutput { meta: LexerMeta { raw_match: "let", index: 61, lineno: 2, colno: 15 }, data: Let })
[INFO] token found: Ok(LexerOutput { meta: LexerMeta { raw_match: "let", index: 61, lineno: 2, colno: 15 }, data: Let })
[TRACE] Entered TypeDef
[INFO] token found: Ok(LexerOutput { meta: LexerMeta { raw_match: "let", index: 61, lineno: 2, colno: 15 }, data: Let })
[TRACE] entering Function
[INFO] token found: Ok(LexerOutput { meta: LexerMeta { raw_match: "let", index: 61, lineno: 2, colno: 15 }, data: Let })
[TRACE] Error @ LexerError(DoesNotMatch(ErrorMeta { lineno: 2, colno: 15, display: "let" }))
[INFO] token found: Ok(LexerOutput { meta: LexerMeta { raw_match: "let", index: 61, lineno: 2, colno: 15 }, data: Let })
[INFO] token found: Ok(LexerOutput { meta: LexerMeta { raw_match: "let", index: 61, lineno: 2, colno: 15 }, data: Let })
[TRACE] Error @ LexerError(DoesNotMatch(ErrorMeta { lineno: 2, colno: 15, display: "let" }))
[INFO] token found: Ok(LexerOutput { meta: LexerMeta { raw_match: "let", index: 61, lineno: 2, colno: 15 }, data: Let })
[INFO] token found: Ok(LexerOutput { meta: LexerMeta { raw_match: "let", index: 61, lineno: 2, colno: 15 }, data: Let })
[TRACE] Error @ LexerError(DoesNotMatch(ErrorMeta { lineno: 2, colno: 15, display: "let" }))
[INFO] token found: Ok(LexerOutput { meta: LexerMeta { raw_match: "let", index: 61, lineno: 2, colno: 15 }, data: Let })
[INFO] token found: Ok(LexerOutput { meta: LexerMeta { raw_match: "let", index: 61, lineno: 2, colno: 15 }, data: Let })
[TRACE] Error @ LexerError(DoesNotMatch(ErrorMeta { lineno: 2, colno: 15, display: "let" }))
[INFO] token found: Ok(LexerOutput { meta: LexerMeta { raw_match: "let", index: 61, lineno: 2, colno: 15 }, data: Let })
[TRACE] Entering Ident
[INFO] token found: Ok(LexerOutput { meta: LexerMeta { raw_match: "let", index: 61, lineno: 2, colno: 15 }, data: Let })
[TRACE] Error @ LexerError(DoesNotMatch(ErrorMeta { lineno: 2, colno: 15, display: "let" }))
[TRACE] Error @ LexerError(DoesNotMatch(ErrorMeta { lineno: 2, colno: 15, display: "let" }))
[TRACE] Error @ LexerError(DoesNotMatch(ErrorMeta { lineno: 2, colno: 15, display: "let" }))
[TRACE] Error @ LexerError(DoesNotMatch(ErrorMeta { lineno: 2, colno: 15, display: "let" }))
[TRACE] Error @ LexerError(DoesNotMatch(ErrorMeta { lineno: 2, colno: 15, display: "let" }))
[INFO] token found: Ok(LexerOutput { meta: LexerMeta { raw_match: "let", index: 61, lineno: 2, colno: 15 }, data: Let })
[TRACE] Error @ LexerError(DoesNotMatch(ErrorMeta { lineno: 2, colno: 15, display: "let" }))
[INFO] token found: Ok(LexerOutput { meta: LexerMeta { raw_match: "fn", index: 21, lineno: 1, colno: 22 }, data: Fn })
[INFO] token found: Ok(LexerOutput { meta: LexerMeta { raw_match: "fn", index: 21, lineno: 1, colno: 22 }, data: Fn })
[TRACE] Error @ LexerError(DoesNotMatch(ErrorMeta { lineno: 1, colno: 22, display: "fn" }))
[INFO] token found: Ok(LexerOutput { meta: LexerMeta { raw_match: "fn", index: 21, lineno: 1, colno: 22 }, data: Fn })
[INFO] token found: Ok(LexerOutput { meta: LexerMeta { raw_match: "fn", index: 21, lineno: 1, colno: 22 }, data: Fn })
[TRACE] Error @ LexerError(DoesNotMatch(ErrorMeta { lineno: 1, colno: 22, display: "fn" }))
[INFO] token found: Ok(LexerOutput { meta: LexerMeta { raw_match: "fn", index: 21, lineno: 1, colno: 22 }, data: Fn })
[INFO] token found: Ok(LexerOutput { meta: LexerMeta { raw_match: "fn", index: 21, lineno: 1, colno: 22 }, data: Fn })
[TRACE] Error @ LexerError(DoesNotMatch(ErrorMeta { lineno: 1, colno: 22, display: "fn" }))
[INFO] token found: Ok(LexerOutput { meta: LexerMeta { raw_match: "fn", index: 21, lineno: 1, colno: 22 }, data: Fn })
[TRACE] Entering Ident
[INFO] token found: Ok(LexerOutput { meta: LexerMeta { raw_match: "fn", index: 21, lineno: 1, colno: 22 }, data: Fn })
[TRACE] Error @ LexerError(DoesNotMatch(ErrorMeta { lineno: 1, colno: 22, display: "fn" }))
[TRACE] Error @ LexerError(DoesNotMatch(ErrorMeta { lineno: 1, colno: 22, display: "fn" }))
[TRACE] Error @ LexerError(DoesNotMatch(ErrorMeta { lineno: 1, colno: 22, display: "fn" }))
[TRACE] Error @ LexerError(DoesNotMatch(ErrorMeta { lineno: 1, colno: 22, display: "fn" }))
[TRACE] Error @ LexerError(DoesNotMatch(ErrorMeta { lineno: 1, colno: 22, display: "fn" }))
[TRACE] Error @ LexerError(DoesNotMatch(ErrorMeta { lineno: 1, colno: 22, display: "fn" }))
[TRACE] finished parse
val: Err(LexerError(DoesNotMatch(ErrorMeta { lineno: 1, colno: 22, display: "fn" })))

thread 'parser::test::test_function_syntax' (4577715) panicked at compiler/src/parser/test.rs:71:24:
is valid: LexerError(DoesNotMatch(ErrorMeta { lineno: 1, colno: 22, display: "fn" }))


failures:
    parser::test::test_function_syntax
    parser::test::test_typing

test result: FAILED. 4 passed; 2 failed; 0 ignored; 0 measured; 0 filtered out; finished in 0.00s

